City_ID,City,Country,Date,Lat,Lng,Max Temp,Humidity,Cloudiness,Wind Speed
0,Lockhart,US,2022-07-28 02:08:32,28.6194,-81.4426,81.95,80,0,3.44
1,Arraial Do Cabo,BR,2022-07-28 02:08:32,-22.9661,-42.0278,69.98,81,0,22.93
2,Basco,PH,2022-07-28 02:08:33,20.4487,121.9702,85.39,77,95,12.77
3,Barrow,US,2022-07-28 02:04:18,71.2906,-156.7887,33.82,100,100,18.41
4,Kralendijk,BQ,2022-07-28 02:08:33,12.15,-68.2667,80.58,83,75,10.36
5,Touros,BR,2022-07-28 02:04:35,-5.1989,-35.4608,73.6,85,12,11.34
6,Castro,BR,2022-07-28 02:08:34,-24.7911,-50.0119,57.09,81,98,2.64
7,La Ronge,CA,2022-07-28 02:08:34,55.1001,-105.2842,63.57,54,40,3.56
8,Rikitea,PF,2022-07-28 02:08:34,-23.1203,-134.9692,74.03,68,100,15.84
9,Port Lincoln,AU,2022-07-28 02:04:14,-34.7333,135.8667,58.3,67,3,8.77
10,Smolenka,RU,2022-07-28 02:08:35,52.1352,113.4974,59.95,94,75,6.71
11,Puerto Ayora,EC,2022-07-28 02:08:35,-0.7393,-90.3518,69.55,95,99,7.0
12,Rawson,AR,2022-07-28 02:08:36,-43.3002,-65.1023,41.45,78,10,13.98
13,Trincomalee,LK,2022-07-28 02:08:36,8.5711,81.2335,79.25,81,87,6.96
14,Mutoko,ZW,2022-07-28 02:08:37,-17.397,32.2268,47.44,81,0,2.93
15,Auki,SB,2022-07-28 02:08:37,-8.7676,160.7034,86.52,61,19,3.83
16,Zhengjiatun,CN,2022-07-28 02:08:37,43.5064,123.5064,80.53,69,100,5.03
17,Kapaa,US,2022-07-28 02:08:38,22.0752,-159.319,85.98,66,20,17.27
18,Douentza,ML,2022-07-28 02:08:38,14.9951,-2.9517,86.61,52,13,17.63
19,Tual,ID,2022-07-28 02:08:39,-5.6667,132.75,79.02,84,61,21.68
20,Marsa Matruh,EG,2022-07-28 02:08:39,31.3525,27.2453,76.82,68,0,5.48
21,Keningau,MY,2022-07-28 02:08:40,5.3378,116.1602,84.76,65,90,1.21
22,Ushuaia,AR,2022-07-28 02:08:40,-54.8,-68.3,40.66,81,75,23.02
23,Hermanus,ZA,2022-07-28 02:08:41,-34.4187,19.2345,52.11,83,0,12.53
24,Vanimo,PG,2022-07-28 02:08:41,-2.6741,141.3028,86.05,66,49,7.25
25,Saint-Philippe,RE,2022-07-28 02:03:53,-21.3585,55.7679,67.59,83,26,7.9
26,Indramayu,ID,2022-07-28 02:08:41,-6.3264,108.32,81.61,72,100,9.06
27,Albany,US,2022-07-28 02:06:24,42.6001,-73.9662,71.31,75,96,2.08
28,Borgarnes,IS,2022-07-28 02:08:42,64.5383,-21.9206,51.8,86,100,17.13
29,Lorengau,PG,2022-07-28 02:08:42,-2.0226,147.2712,84.63,72,50,12.37
30,Vaini,TO,2022-07-28 02:08:43,-21.2,-175.2,78.96,89,20,10.36
31,Punta Arenas,CL,2022-07-28 02:08:43,-53.15,-70.9167,41.11,75,20,34.52
32,Santa Lucia,ES,2022-07-28 02:06:48,27.9117,-15.5407,66.76,78,20,28.77
33,Khatanga,RU,2022-07-28 02:04:17,71.9667,102.5,69.69,48,88,2.48
34,East London,ZA,2022-07-28 02:03:58,-33.0153,27.9116,63.63,77,100,10.2
35,Tasiilaq,GL,2022-07-28 02:04:24,65.6145,-37.6368,42.96,95,86,7.74
36,Copiapo,CL,2022-07-28 02:08:44,-27.3667,-70.3333,51.49,66,100,1.12
37,Clyde River,CA,2022-07-28 02:08:45,70.4692,-68.5914,35.8,96,100,10.54
38,Souillac,MU,2022-07-28 02:08:45,-20.5167,57.5167,68.38,88,40,5.75
39,Lufilufi,WS,2022-07-28 02:08:45,-13.8745,-171.5986,79.74,66,20,15.48
40,Rajur,IN,2022-07-28 02:08:46,20.1167,78.9167,80.44,81,87,3.4
41,Yellowknife,CA,2022-07-28 02:03:53,62.456,-114.3525,66.56,68,91,11.01
42,Requena,ES,2022-07-28 02:08:46,39.4883,-1.1004,69.78,94,13,2.35
43,Tuatapere,NZ,2022-07-28 02:05:31,-46.1333,167.6833,44.56,94,100,1.77
44,Mataura,NZ,2022-07-28 02:08:47,-46.1927,168.8643,47.48,98,100,3.13
45,Bluff,NZ,2022-07-28 02:08:47,-46.6,168.3333,47.8,87,100,12.66
46,Keti Bandar,PK,2022-07-28 02:08:48,24.1447,67.4497,82.31,83,96,10.89
47,Hualmay,PE,2022-07-28 02:04:43,-11.0964,-77.6139,61.97,85,39,11.34
48,Tezu,IN,2022-07-28 02:06:43,27.9167,96.1667,77.9,96,99,0.4
49,Nikolskoye,RU,2022-07-28 02:08:48,59.7035,30.7861,57.79,94,0,4.41
50,Altagracia De Orituco,VE,2022-07-28 02:08:49,9.8601,-66.3814,70.52,97,87,4.43
51,Vardo,NO,2022-07-28 02:08:49,70.3705,31.1107,51.78,87,100,13.8
52,Guthrie,US,2022-07-28 02:08:50,35.8789,-97.4253,94.6,49,63,10.04
53,Nome,US,2022-07-28 02:08:50,64.5011,-165.4064,54.1,82,75,12.66
54,Korla,CN,2022-07-28 02:08:50,41.7597,86.1469,90.27,16,0,7.14
55,Hobart,AU,2022-07-28 02:08:04,-42.8794,147.3294,52.05,63,40,6.91
56,Sao Filipe,CV,2022-07-28 02:08:51,14.8961,-24.4956,78.46,88,84,2.57
57,Busselton,AU,2022-07-28 02:04:07,-33.65,115.3333,60.62,67,37,12.33
58,Hithadhoo,MV,2022-07-28 02:08:51,-0.6,73.0833,82.49,73,100,11.88
59,Alyangula,AU,2022-07-28 02:08:52,-13.8483,136.4192,77.38,58,8,15.32
60,Kropotkin,RU,2022-07-28 02:04:47,45.4375,40.5756,62.96,68,0,3.89
61,Jamestown,US,2022-07-28 02:08:52,42.097,-79.2353,72.99,73,100,5.75
62,Mahebourg,MU,2022-07-28 02:08:53,-20.4081,57.7,68.29,88,40,5.75
63,Severo-Kurilsk,RU,2022-07-28 02:08:53,50.6789,156.125,55.38,86,96,7.07
64,Leningradskiy,RU,2022-07-28 02:08:54,69.3833,178.4167,39.29,80,96,6.35
65,Kodiak,US,2022-07-28 02:08:54,57.79,-152.4072,62.11,51,0,5.75
66,Cherskiy,RU,2022-07-28 02:08:54,68.75,161.3,55.15,46,100,5.37
67,Sao Joao Da Barra,BR,2022-07-28 02:04:04,-21.6403,-41.0511,69.06,82,0,10.04
68,Grand Gaube,MU,2022-07-28 02:04:53,-20.0064,57.6608,68.4,79,3,3.0
69,Port Alfred,ZA,2022-07-28 02:08:55,-33.5906,26.891,63.27,81,81,17.56
70,Carnarvon,AU,2022-07-28 02:04:33,-24.8667,113.6333,73.49,44,100,4.23
71,Saldanha,ZA,2022-07-28 02:08:56,-33.0117,17.9442,54.41,68,0,4.47
72,Tuktoyaktuk,CA,2022-07-28 02:08:56,69.4541,-133.0374,42.73,87,100,13.04
73,Hilo,US,2022-07-28 02:08:47,19.7297,-155.09,86.29,74,75,8.05
74,Victoria,HK,2022-07-28 02:04:06,22.2855,114.1577,92.25,74,0,4.0
75,New Norfolk,AU,2022-07-28 02:08:57,-42.7826,147.0587,51.71,77,95,1.01
76,Eureka,US,2022-07-28 02:08:57,40.8021,-124.1637,66.2,80,23,5.46
77,Bengkulu,ID,2022-07-28 02:08:57,-3.8004,102.2655,81.18,72,47,1.7
78,Buraydah,SA,2022-07-28 02:05:28,26.326,43.975,88.56,13,100,7.11
79,Chuy,UY,2022-07-28 02:08:58,-33.6971,-53.4616,58.8,98,100,5.61
80,Vila Velha,BR,2022-07-28 02:05:05,-20.3297,-40.2925,66.94,89,40,2.3
81,Mancio Lima,BR,2022-07-28 02:08:59,-7.6142,-72.8958,76.75,71,63,0.65
82,Dingle,PH,2022-07-28 02:08:59,10.9995,122.6711,86.04,73,100,9.1
83,Cape Town,ZA,2022-07-28 02:08:59,-33.9258,18.4232,60.39,74,0,3.0
84,Merauke,ID,2022-07-28 02:09:00,-8.4667,140.3333,81.21,76,97,16.78
85,Chumikan,RU,2022-07-28 02:09:00,54.7183,135.315,70.43,64,0,6.4
86,Atuona,PF,2022-07-28 02:09:00,-9.8,-139.0333,76.87,75,31,22.86
87,Bonfim,BR,2022-07-28 02:09:01,3.0833,-59.95,75.16,90,100,2.44
88,Xacmaz,AZ,2022-07-28 02:09:01,41.4635,48.806,72.37,78,28,4.81
89,Champerico,GT,2022-07-28 02:09:02,14.3,-91.9167,78.94,80,42,2.53
90,Kieta,PG,2022-07-28 02:09:02,-6.2167,155.6333,85.91,64,13,8.37
91,Georgetown,MY,2022-07-28 02:09:03,5.4112,100.3354,84.13,79,20,2.3
92,Harper,LR,2022-07-28 02:04:14,4.375,-7.7169,75.22,75,99,11.45
93,Rayong,TH,2022-07-28 02:09:03,12.8333,101.4333,85.8,99,72,3.85
94,Racalmas,HU,2022-07-28 02:09:04,47.0226,18.9406,69.42,58,99,4.0
95,Muli,MV,2022-07-28 02:09:04,2.9167,73.5667,82.38,73,100,14.83
96,Quelimane,MZ,2022-07-28 02:09:05,-17.8786,36.8883,60.73,80,0,2.89
97,San Patricio,US,2022-07-28 02:09:05,28.017,-97.5169,86.18,65,5,12.91
98,Adra,ES,2022-07-28 02:09:06,36.7496,-3.0206,78.39,82,2,3.42
99,Khor,RU,2022-07-28 02:05:22,47.8861,134.9464,81.48,72,26,3.02
100,Pangnirtung,CA,2022-07-28 02:09:06,66.1451,-65.7125,54.72,67,100,1.83
101,Portland,US,2022-07-28 02:06:18,45.5234,-122.6762,97.38,42,20,8.05
102,Dalby,AU,2022-07-28 02:09:07,-27.1833,151.2667,58.78,44,0,2.55
103,Constitucion,CL,2022-07-28 02:09:07,-35.3333,-72.4167,48.61,78,7,4.14
104,Mar Del Plata,AR,2022-07-28 02:06:44,-38.0023,-57.5575,51.1,58,100,13.8
105,Wangqing,CN,2022-07-28 02:09:08,43.3218,129.7634,83.48,57,85,6.29
106,Pevek,RU,2022-07-28 02:04:13,69.7008,170.3133,36.18,87,96,4.56
107,Palana,RU,2022-07-28 02:09:08,59.1167,159.9667,51.78,89,89,9.13
108,Goderich,CA,2022-07-28 02:07:22,43.7501,-81.7165,72.91,90,0,10.13
109,Kibala,TD,2022-07-28 02:09:09,9.1104,18.3463,71.76,93,100,2.17
110,Port Elizabeth,ZA,2022-07-28 02:05:02,-33.918,25.5701,60.1,84,43,9.15
111,Katsuura,JP,2022-07-28 02:04:35,35.1333,140.3,83.03,79,83,11.9
112,Trelew,AR,2022-07-28 02:09:10,-43.249,-65.3051,40.5,80,2,14.29
113,Daru,PG,2022-07-28 02:09:10,-9.0763,143.2092,78.22,88,46,18.81
114,Northam,GB,2022-07-28 02:09:10,51.0333,-4.2167,54.39,84,100,3.83
115,Lazaro Cardenas,MX,2022-07-28 02:09:11,17.9583,-102.2,81.1,76,100,2.33
116,Soe,ID,2022-07-28 02:09:11,-9.8607,124.284,74.01,51,34,11.23
117,Toktogul,KG,2022-07-28 02:09:12,41.8708,72.9402,80.37,37,0,0.67
118,Saskylakh,RU,2022-07-28 02:09:12,71.9167,114.0833,70.92,58,85,10.11
119,Hamilton,US,2022-07-28 02:05:06,39.1834,-84.5333,78.57,88,0,4.61
120,Coahuayana,MX,2022-07-28 02:09:13,18.7333,-103.6833,79.59,80,100,1.66
121,Butaritari,KI,2022-07-28 02:09:13,3.0707,172.7902,81.84,77,11,14.43
122,Ayagoz,KZ,2022-07-28 02:09:14,47.9714,80.4392,82.51,26,16,13.0
123,Faanui,PF,2022-07-28 02:09:14,-16.4833,-151.75,78.69,76,15,25.5
124,Bredasdorp,ZA,2022-07-28 02:09:14,-34.5322,20.0403,48.56,92,0,5.68
125,Lebu,CL,2022-07-28 02:09:15,-37.6167,-73.65,48.6,85,12,5.48
126,Hakkari,TR,2022-07-28 02:09:15,37.5833,44.1667,49.78,57,0,3.44
127,Kisangani,CD,2022-07-28 02:09:16,0.5167,25.2,70.59,97,100,1.99
128,Avarua,CK,2022-07-28 02:09:16,-21.2078,-159.775,78.85,65,75,19.57
129,Krasnoselkup,RU,2022-07-28 02:09:17,65.7,82.4667,55.29,73,92,17.58
130,Cabo San Lucas,MX,2022-07-28 02:07:01,22.8909,-109.9124,86.31,51,20,11.5
131,Ilek,RU,2022-07-28 02:09:17,51.5271,53.3831,67.37,77,6,5.3
132,Qaanaaq,GL,2022-07-28 02:09:18,77.484,-69.3632,37.69,90,41,2.46
133,Kavieng,PG,2022-07-28 02:09:18,-2.5744,150.7967,84.85,70,17,18.25
134,Burnie,AU,2022-07-28 02:09:19,-41.0667,145.9167,50.94,62,100,9.06
135,Itaituba,BR,2022-07-28 02:09:19,-4.2761,-55.9836,79.09,56,36,2.57
136,Okhotsk,RU,2022-07-28 02:09:20,59.3833,143.3,65.23,77,22,3.62
137,Coihaique,CL,2022-07-28 02:09:09,-45.5752,-72.0662,39.81,65,0,3.44
138,Ewa Beach,US,2022-07-28 02:09:20,21.3156,-158.0072,87.75,49,0,16.11
139,Imbituba,BR,2022-07-28 02:09:21,-28.24,-48.6703,63.09,98,98,9.28
140,Nouadhibou,MR,2022-07-28 02:09:21,20.931,-17.0347,71.89,77,7,29.68
141,Fortuna,US,2022-07-28 02:09:22,40.5982,-124.1573,65.93,81,0,13.8
142,Cabedelo,BR,2022-07-28 02:09:22,-6.9811,-34.8339,72.27,81,66,9.73
143,Tiznit,MA,2022-07-28 02:09:22,29.5833,-9.5,73.94,55,0,3.44
144,Ponta Do Sol,PT,2022-07-28 02:09:23,32.6667,-17.1,72.23,76,0,5.21
145,Natyrbovo,RU,2022-07-28 02:09:23,44.73,40.6264,60.67,79,0,4.76
146,Lexington,US,2022-07-28 02:09:16,37.9887,-84.4777,76.12,87,0,4.61
147,Isabela,PH,2022-07-28 02:09:24,6.7085,121.9711,85.75,63,100,3.56
148,Alegrete,BR,2022-07-28 02:09:24,-29.7831,-55.7919,67.23,89,42,7.18
149,Manzhouli,CN,2022-07-28 02:09:25,49.6,117.4333,71.42,59,25,7.14
150,Ribeira Grande,PT,2022-07-28 02:09:25,38.5167,-28.7,72.72,85,34,11.18
151,Cidreira,BR,2022-07-28 02:05:15,-30.1811,-50.2056,60.76,87,100,6.17
152,Silikatnyy,RU,2022-07-28 02:09:26,53.9896,48.3275,61.56,93,6,3.96
153,Guerrero Negro,MX,2022-07-28 02:09:26,27.9769,-114.0611,70.21,78,63,16.37
154,Noumea,NC,2022-07-28 02:08:03,-22.2763,166.4572,78.78,99,100,6.53
155,Dikson,RU,2022-07-28 02:09:27,73.5069,80.5464,40.64,94,96,12.66
156,Manutuke,NZ,2022-07-28 02:09:27,-38.6833,177.9167,61.36,69,16,12.15
157,Asau,RO,2022-07-28 02:09:28,46.4333,26.4,63.52,86,9,3.96
158,Nantucket,US,2022-07-28 02:07:00,41.2835,-70.0995,75.0,88,0,5.75
159,Pangody,RU,2022-07-28 02:09:28,65.85,74.4859,58.51,62,2,10.94
160,Sault Sainte Marie,CA,2022-07-28 02:08:31,46.5168,-84.3333,61.36,93,0,3.44
161,Muskogee,US,2022-07-28 02:08:14,35.5834,-95.3336,89.67,80,20,6.91
162,Longyearbyen,SJ,2022-07-28 02:09:29,78.2186,15.6401,42.64,81,75,19.57
163,Yar-Sale,RU,2022-07-28 02:09:29,66.8333,70.8333,59.99,63,100,12.37
164,Heide,DE,2022-07-28 02:09:30,54.2,9.1,57.96,58,100,6.71
165,Mitu,CO,2022-07-28 02:09:30,1.1983,-70.1733,71.38,99,100,1.07
166,Melfort,CA,2022-07-28 02:09:31,52.8667,-104.6177,61.77,67,13,3.74
167,Rapid City,US,2022-07-28 02:05:51,44.0805,-103.231,77.76,47,35,10.0
168,Bethel,US,2022-07-28 02:09:31,41.3712,-73.414,74.86,75,0,0.0
169,Chattanooga,US,2022-07-28 02:07:40,35.0456,-85.3097,82.17,79,42,4.29
170,Kaitangata,NZ,2022-07-28 02:09:32,-46.2817,169.8464,44.98,94,100,7.31
171,Puerto Leguizamo,CO,2022-07-28 02:09:32,-0.1934,-74.7819,68.92,99,96,2.35
172,Lensk,RU,2022-07-28 02:09:33,60.7253,114.9278,86.45,46,4,9.91
173,Sitka,US,2022-07-28 02:09:33,57.0531,-135.33,60.69,72,100,3.44
174,Teya,RU,2022-07-28 02:09:33,60.3778,92.6267,63.01,72,99,1.12
175,Yaan,NG,2022-07-28 02:09:34,7.3833,8.5667,71.87,95,100,6.62
176,Cayenne,GF,2022-07-28 02:09:34,4.9333,-52.3333,76.08,1,0,0.0
177,Hasaki,JP,2022-07-28 02:09:34,35.7333,140.8333,91.29,80,72,16.04
178,Sangar,RU,2022-07-28 02:09:35,63.9242,127.4739,79.83,52,3,2.82
179,Troitsko-Pechorsk,RU,2022-07-28 02:09:32,62.7084,56.1964,58.33,66,100,2.04
180,Honiara,SB,2022-07-28 02:09:35,-9.4333,159.95,86.88,64,100,8.72
181,Along,IN,2022-07-28 02:09:36,28.1667,94.7667,77.31,95,100,0.67
182,Moron,AR,2022-07-28 02:09:36,-34.6534,-58.6198,63.01,98,100,5.93
183,Brae,GB,2022-07-28 02:08:49,60.3964,-1.353,51.8,80,70,6.78
184,Mareeba,AU,2022-07-28 02:05:05,-17.0,145.4333,74.44,61,5,7.78
185,Gigmoto,PH,2022-07-28 02:09:37,13.7796,124.39,87.71,66,100,6.46
186,Miracatu,BR,2022-07-28 02:09:37,-24.2814,-47.4597,61.16,98,14,2.64
187,Codrington,AU,2022-07-28 02:09:37,-38.2667,141.9667,51.78,77,100,10.04
188,Port-Gentil,GA,2022-07-28 02:09:38,-0.7193,8.7815,75.07,80,99,13.49
189,Tabuk,PH,2022-07-28 02:09:38,17.4189,121.4443,84.81,73,100,2.64
190,Caldas Novas,BR,2022-07-28 02:09:39,-17.7417,-48.625,63.37,49,0,4.05
191,Tadine,NC,2022-07-28 02:09:39,-21.55,167.8833,72.46,68,82,13.06
192,Marshfield,US,2022-07-28 02:09:40,44.6689,-90.1718,70.68,64,75,5.75
193,Guanica,PR,2022-07-28 02:09:40,17.9716,-66.908,79.92,84,11,7.36
194,Kibaya,TZ,2022-07-28 02:09:40,-5.3,36.5667,52.32,95,63,3.42
195,Tiksi,RU,2022-07-28 02:05:10,71.6872,128.8694,68.67,59,84,5.61
196,Amarante Do Maranhao,BR,2022-07-28 02:09:41,-5.5667,-46.7422,74.17,51,26,1.9
197,Abha,SA,2022-07-28 02:09:41,18.2164,42.5053,62.85,68,40,3.44
198,Geraldton,AU,2022-07-28 02:09:42,-28.7667,114.6,63.01,72,75,10.36
199,Haines Junction,CA,2022-07-28 02:09:42,60.7522,-137.5108,48.18,86,100,0.47
200,Miyako,JP,2022-07-28 02:09:43,39.6367,141.9525,78.08,79,68,5.37
201,Hami,CN,2022-07-28 02:09:43,42.8,93.45,89.65,10,0,11.05
202,Chokurdakh,RU,2022-07-28 02:09:43,70.6333,147.9167,60.15,35,97,13.87
203,Doha,QA,2022-07-28 02:09:44,25.2867,51.5333,91.29,74,40,9.22
204,Vila,PT,2022-07-28 02:09:44,42.0304,-8.1588,53.71,81,0,1.34
205,Gummidipundi,IN,2022-07-28 02:09:45,13.4,80.15,84.2,76,22,5.21
206,Valley,US,2022-07-28 02:09:45,45.1277,-116.1262,81.21,27,44,9.57
207,Talnakh,RU,2022-07-28 02:09:45,69.4865,88.3972,56.21,62,89,11.16
208,Tarakan,ID,2022-07-28 02:09:46,3.3,117.6333,76.5,94,75,4.61
209,Caravelas,BR,2022-07-28 02:05:33,-17.7125,-39.2481,68.38,84,14,2.33
210,Provideniya,RU,2022-07-28 02:09:46,64.3833,-173.3,46.51,100,100,8.95
211,Berlevag,NO,2022-07-28 02:09:47,70.8578,29.0864,49.95,93,100,26.46
212,Tazovskiy,RU,2022-07-28 02:06:37,67.4667,78.7,48.92,81,100,10.16
213,Palmer,US,2022-07-28 02:09:47,42.1584,-72.3287,74.07,73,75,4.61
214,Iqaluit,CA,2022-07-28 02:09:48,63.7506,-68.5145,43.07,79,98,2.91
215,Thompson,CA,2022-07-28 02:09:48,55.7435,-97.8558,53.65,92,100,2.77
216,Khuzhir,RU,2022-07-28 02:09:48,53.1939,107.3397,53.19,91,100,13.29
217,Tabou,CI,2022-07-28 02:09:49,4.423,-7.3528,75.02,76,97,11.18
218,Turayf,SA,2022-07-28 02:09:49,31.6725,38.6637,80.13,24,0,8.79
219,Wadi Maliz,TN,2022-07-28 02:09:50,36.4681,8.5495,74.21,74,0,3.36
220,Vrangel,RU,2022-07-28 02:09:50,42.7297,133.0839,73.53,85,20,5.91
221,Praia Da Vitoria,PT,2022-07-28 02:09:51,38.7333,-27.0667,72.75,91,82,8.86
222,Paamiut,GL,2022-07-28 02:05:24,61.994,-49.6678,42.01,93,67,15.82
223,Belmonte,BR,2022-07-28 02:06:06,-15.8631,-38.8828,69.87,78,0,5.53
224,Birao,CF,2022-07-28 02:07:33,10.2849,22.7882,70.07,97,100,3.96
225,Lagoa,PT,2022-07-28 02:09:51,39.05,-27.9833,71.22,81,0,7.74
226,Flinders,AU,2022-07-28 02:09:30,-34.5833,150.8552,67.37,54,10,4.0
227,Richards Bay,ZA,2022-07-28 02:09:52,-28.783,32.0377,64.63,87,87,5.84
228,Chern,RU,2022-07-28 02:09:52,53.4523,36.9145,63.01,90,8,5.77
229,Makokou,GA,2022-07-28 02:09:53,0.5738,12.8642,69.03,97,80,3.29
230,Sopot,PL,2022-07-28 02:09:53,54.4418,18.56,60.96,85,20,12.66
231,Yenagoa,NG,2022-07-28 02:09:54,4.9247,6.2642,73.83,96,99,5.28
232,Vostochnyy,RU,2022-07-28 02:09:54,55.8167,37.8667,68.38,93,55,3.76
233,Rincon,US,2022-07-28 02:09:54,32.296,-81.2354,83.86,79,40,11.5
234,Le Port,RE,2022-07-28 02:09:55,-20.9373,55.2919,68.25,77,16,6.67
235,Nata,PA,2022-07-28 02:09:55,8.3333,-80.5167,74.28,97,100,7.14
236,Vostok,RU,2022-07-28 02:09:56,46.4856,135.8833,81.05,54,51,4.65
237,Zhezkazgan,KZ,2022-07-28 02:09:56,47.8043,67.7144,67.98,60,0,8.95
238,Esperance,AU,2022-07-28 02:06:15,-33.8667,121.9,60.03,53,0,17.87
239,Maniitsoq,GL,2022-07-28 02:09:57,65.4167,-52.9,42.04,85,23,11.43
240,Bestwig,DE,2022-07-28 02:09:57,51.3667,8.4,50.32,80,100,2.82
241,Camabatela,AO,2022-07-28 02:09:58,-8.1881,15.375,56.66,91,100,4.07
242,Evensk,RU,2022-07-28 02:09:58,61.95,159.2333,58.66,53,68,2.95
243,Vila Do Maio,CV,2022-07-28 02:09:58,15.1333,-23.2167,79.59,83,93,1.52
244,Sterling,US,2022-07-28 02:06:53,39.0062,-77.4286,81.39,87,40,7.0
245,Norman Wells,CA,2022-07-28 02:09:59,65.282,-126.8329,65.43,47,100,1.86
246,Bagotville,AU,2022-07-28 02:09:59,-28.9833,153.4167,65.86,54,0,3.2
247,Inhambane,MZ,2022-07-28 02:09:59,-23.865,35.3833,63.48,80,0,4.97
248,Hambantota,LK,2022-07-28 02:10:00,6.1241,81.1185,75.54,100,40,2.3
249,Neyshabur,IR,2022-07-28 02:10:00,36.2133,58.7958,77.97,36,3,4.85
250,Hvide Sande,DK,2022-07-28 02:10:01,56.0045,8.1294,54.09,72,46,18.45
251,Bardiyah,LY,2022-07-28 02:10:01,31.7561,25.0865,76.8,77,0,10.87
252,Luanda,AO,2022-07-28 02:10:02,-8.8368,13.2343,68.86,88,100,3.02
253,Sambava,MG,2022-07-28 02:10:03,-14.2667,50.1667,67.14,83,80,7.31
254,Anadyr,RU,2022-07-28 02:10:03,64.75,177.4833,52.3,81,75,8.95
255,Kapit,MY,2022-07-28 02:10:04,2.0167,112.9333,85.01,69,69,1.45
256,Mandalgovi,MN,2022-07-28 02:05:09,45.7625,106.2708,67.17,41,100,22.41
257,Portobelo,PA,2022-07-28 02:10:05,9.55,-79.65,76.96,85,100,3.2
258,Filadelfia,US,2022-07-28 02:05:18,39.9523,-75.1638,82.15,79,75,9.22
259,Namibe,AO,2022-07-28 02:10:05,-15.1961,12.1522,62.06,80,78,6.93
260,Semporna,MY,2022-07-28 02:10:06,4.4818,118.6112,83.46,75,90,3.69
261,Saint-Jean-De-La-Ruelle,FR,2022-07-28 02:10:07,47.9113,1.8648,61.02,70,0,4.61
262,Tumarbong,PH,2022-07-28 02:10:07,10.3766,119.4579,86.07,69,96,1.59
263,Marawi,PH,2022-07-28 02:10:08,7.9986,124.2928,80.42,70,70,1.63
264,Ishinomaki,JP,2022-07-28 02:10:08,38.4167,141.3,81.27,77,29,4.21
265,Zabol,AF,2022-07-28 02:10:09,32.25,67.25,73.74,67,53,14.61
266,Athens,GR,2022-07-28 02:07:39,37.9795,23.7162,83.8,43,0,6.91
267,Khani,GE,2022-07-28 02:10:09,41.9563,42.9566,51.37,88,6,4.56
268,Sola,VU,2022-07-28 02:10:12,-13.8833,167.55,79.86,78,100,11.18
269,Aklavik,CA,2022-07-28 02:10:12,68.2191,-135.0107,56.23,54,96,14.88
270,Rosetta,EG,2022-07-28 02:10:13,31.4044,30.4164,76.78,74,0,4.41
271,Gangarampur,IN,2022-07-28 02:10:13,25.4,88.5167,85.87,71,100,5.7
272,Coquimbo,CL,2022-07-28 02:10:14,-29.9533,-71.3436,53.33,100,40,3.44
273,Westport,US,2022-07-28 02:10:14,41.1415,-73.3579,76.55,85,0,6.91
274,Saint George,US,2022-07-28 02:10:04,37.1041,-113.5841,73.99,68,100,0.0
275,Parana,AR,2022-07-28 02:10:15,-31.732,-60.5238,60.55,82,100,14.16
276,Tiarei,PF,2022-07-28 02:10:16,-17.5333,-149.3333,84.22,79,23,27.76
277,Whyalla,AU,2022-07-28 02:10:16,-33.0333,137.5833,58.12,45,54,3.11
278,Aguililla,MX,2022-07-28 02:10:16,18.7333,-102.7333,68.72,94,100,3.42
279,Rapid Valley,US,2022-07-28 02:10:17,44.0625,-103.1463,77.72,48,0,10.0
280,Xai-Xai,MZ,2022-07-28 02:10:17,-25.0519,33.6442,58.77,88,0,3.22
281,Dhidhdhoo,MV,2022-07-28 02:10:18,6.8833,73.1,81.5,76,34,15.99
282,San Cristobal,VE,2022-07-28 02:10:19,7.7669,-72.225,68.18,95,34,2.04
283,Mentakab,MY,2022-07-28 02:10:19,3.4865,102.3516,82.09,79,44,0.56
284,Upernavik,GL,2022-07-28 02:08:38,72.7868,-56.1549,40.19,85,100,1.74
285,Lebrija,ES,2022-07-28 02:10:20,36.9208,-6.0753,73.24,88,0,4.61
286,Port Hawkesbury,CA,2022-07-28 02:10:21,45.6169,-61.3485,67.03,87,58,2.46
287,Atar,MR,2022-07-28 02:10:21,20.5169,-13.0499,96.71,17,53,18.07
288,Ostrovnoy,RU,2022-07-28 02:10:22,68.0531,39.5131,59.9,86,58,15.86
289,Boguchany,RU,2022-07-28 02:10:22,58.3814,97.4531,63.34,76,100,3.27
290,Muravlenko,RU,2022-07-28 02:10:23,63.7898,74.523,57.6,61,9,9.1
291,Baculin,PH,2022-07-28 02:10:23,7.4525,126.5842,85.86,69,100,7.11
292,Vila Franca Do Campo,PT,2022-07-28 02:10:23,37.7167,-25.4333,73.81,93,66,3.31
293,Tieling,CN,2022-07-28 02:10:24,42.2931,123.8414,81.97,79,100,9.51
294,Frontera,MX,2022-07-28 02:10:24,26.9333,-101.45,88.32,44,99,8.01
295,Ngunguru,NZ,2022-07-28 02:10:25,-35.6167,174.5,61.25,77,75,16.31
296,Atalaia,BR,2022-07-28 02:10:25,-9.5019,-36.0228,72.1,96,72,3.04
297,Sarab,IR,2022-07-28 02:10:25,38.6066,44.9883,71.4,56,0,4.54
298,Yishui,CN,2022-07-28 02:10:26,35.7847,118.6281,81.37,79,100,5.59
299,Sorong,ID,2022-07-28 02:10:26,-0.8833,131.25,81.41,80,15,3.74
300,Acapulco,MX,2022-07-28 02:07:20,16.8634,-99.8901,80.42,83,75,0.0
301,Qaqortoq,GL,2022-07-28 02:10:27,60.7167,-46.0333,42.24,86,15,3.49
302,Marathon,US,2022-07-28 02:10:27,44.9,-89.7668,72.93,76,20,5.75
303,Otane,NZ,2022-07-28 02:10:28,-39.8833,176.6333,64.0,65,100,10.11
304,Maine-Soroa,NE,2022-07-28 02:10:28,13.2114,12.0241,78.75,72,100,12.01
305,Qasigiannguit,GL,2022-07-28 02:10:28,68.8193,-51.1922,44.85,93,100,1.1
306,Ajdabiya,LY,2022-07-28 02:10:04,30.7554,20.2263,78.37,64,0,7.38
307,Ancud,CL,2022-07-28 02:10:29,-41.8697,-73.8203,43.45,92,22,4.79
308,Luderitz,NA,2022-07-28 02:10:29,-26.6481,15.1594,54.48,76,0,1.61
309,Zhuhai,CN,2022-07-28 02:10:30,22.2769,113.5678,94.86,79,20,4.61
310,Broadford,AU,2022-07-28 02:10:30,-37.2,145.0667,51.93,49,100,5.73
311,Oranjemund,NA,2022-07-28 02:10:30,-28.55,16.4333,51.93,84,0,2.33
312,Rio Grande,BR,2022-07-28 02:10:31,-32.035,-52.0986,60.17,96,96,7.49
313,Carutapera,BR,2022-07-28 02:06:02,-1.195,-46.02,75.13,88,100,5.61
314,Menongue,AO,2022-07-28 02:10:31,-14.6585,17.691,49.6,43,36,5.21
315,Kruisfontein,ZA,2022-07-28 02:10:32,-34.0033,24.7314,57.88,90,1,4.52
316,Filingue,NE,2022-07-28 02:10:32,14.3521,3.3168,86.47,54,100,14.67
317,Soma,TR,2022-07-28 02:10:32,39.1855,27.6094,67.39,62,0,7.56
318,Kavaratti,IN,2022-07-28 02:10:33,10.5669,72.642,78.19,88,100,17.4
319,Kaniama,CD,2022-07-28 02:10:33,-7.5667,24.1833,66.4,44,7,5.1
320,North Bend,US,2022-07-28 02:10:34,43.4065,-124.2243,74.25,92,100,4.61
321,Bathsheba,BB,2022-07-28 02:10:35,13.2167,-59.5167,81.21,86,20,20.71
322,Boa Vista,BR,2022-07-28 02:10:36,2.8197,-60.6733,76.98,88,75,8.05
323,Sulangan,PH,2022-07-28 02:10:36,11.1373,123.7228,84.33,72,98,10.0
324,Salalah,OM,2022-07-28 02:10:36,17.0151,54.0924,77.09,94,100,8.05
325,Middelburg,ZA,2022-07-28 02:10:37,-25.7751,29.4648,50.58,47,10,6.38
326,Labuhan,ID,2022-07-28 02:10:37,-6.8844,112.2051,82.65,71,100,7.38
327,Tavira,PT,2022-07-28 02:10:38,37.1273,-7.6486,76.87,54,0,8.99
328,Russell,US,2022-07-28 02:10:38,32.3502,-85.1999,83.8,78,0,3.44
329,Itarsi,IN,2022-07-28 02:10:38,22.6167,77.75,77.86,89,100,6.17
330,Tolaga Bay,NZ,2022-07-28 02:10:39,-38.3667,178.3,62.33,66,19,13.22
331,Kondinskoye,RU,2022-07-28 02:10:39,59.6481,67.41,59.05,70,100,9.06
332,Nanortalik,GL,2022-07-28 02:10:40,60.1432,-45.2371,42.37,86,96,7.67
333,Tuckahoe,US,2022-07-28 02:09:11,37.5901,-77.5564,79.07,86,0,6.91
334,Ylivieska,FI,2022-07-28 02:10:40,64.0833,24.55,61.32,90,100,4.29
335,Alofi,NU,2022-07-28 02:10:41,-19.0595,-169.9187,76.89,83,75,16.11
336,Isla Mujeres,MX,2022-07-28 02:10:41,21.2311,-86.731,82.45,80,7,12.59
337,Tukrah,LY,2022-07-28 02:09:18,32.5341,20.5791,77.94,82,0,4.68
338,Kalmunai,LK,2022-07-28 02:10:42,7.4167,81.8167,79.27,77,99,2.73
339,Diapaga,BF,2022-07-28 02:10:42,12.0708,1.7889,75.56,84,82,7.36
340,Juegang,CN,2022-07-28 02:10:43,32.3174,121.1855,90.91,73,0,3.49
341,Hunterville,NZ,2022-07-28 02:10:44,-39.9333,175.5667,52.7,95,98,10.25
342,Miraslau,RO,2022-07-28 02:10:45,46.3667,23.7167,60.24,74,34,3.2
343,El Bagre,CO,2022-07-28 02:10:45,7.5927,-74.8086,75.74,93,100,0.58
344,Kaeo,NZ,2022-07-28 02:08:10,-35.1,173.7833,58.6,89,65,17.69
345,Sorland,NO,2022-07-28 02:10:45,67.667,12.6934,49.86,79,13,13.13
346,Borovskoy,KZ,2022-07-28 02:10:46,53.8,64.15,59.81,77,100,13.29
347,Port Augusta,AU,2022-07-28 02:10:46,-32.5,137.7667,61.5,30,46,5.57
348,Voznesenye,RU,2022-07-28 02:10:47,61.0106,35.4781,61.65,85,100,2.15
349,Repalle,IN,2022-07-28 02:09:42,16.0167,80.85,83.08,77,44,3.2
350,Neiafu,TO,2022-07-28 02:10:47,-18.65,-173.9833,79.48,73,20,10.36
351,Dawei,MM,2022-07-28 02:10:48,14.0833,98.2,82.08,81,100,1.03
352,Praia,CV,2022-07-28 02:10:48,14.9215,-23.5087,79.34,83,20,1.14
353,Jackson,US,2022-07-28 02:09:04,42.4165,-122.8345,102.07,27,0,11.5
354,Mercedes,AR,2022-07-28 02:10:49,-34.6515,-59.4307,62.78,95,100,12.1
355,Kaspiysk,RU,2022-07-28 02:10:49,42.8816,47.6392,71.78,78,20,13.42
356,Avera,US,2022-07-28 02:10:50,33.194,-82.5271,82.54,57,52,8.86
357,Wawina,HN,2022-07-28 02:10:50,15.4167,-84.4333,75.16,92,26,2.75
358,Hanna,CA,2022-07-28 02:10:50,51.6334,-111.9018,75.85,45,5,3.0
359,Bulgan,MN,2022-07-28 02:10:51,48.8125,103.5347,54.77,83,97,1.74
360,Gualaquiza,EC,2022-07-28 02:10:51,-3.4,-78.55,59.97,98,95,1.25
361,Ormara,PK,2022-07-28 02:10:52,25.2088,64.6357,81.86,82,100,4.9
362,Mount Gambier,AU,2022-07-28 02:10:52,-37.8333,140.7667,54.01,59,100,7.2
363,Chapais,CA,2022-07-28 02:08:16,49.7834,-74.8492,59.67,93,100,2.71
364,Atascadero,US,2022-07-28 02:10:53,35.4894,-120.6707,80.4,49,1,4.0
365,Puno,PE,2022-07-28 02:10:53,-15.8333,-70.0333,40.69,38,5,3.04
366,Ankang,CN,2022-07-28 02:10:53,32.68,109.0172,84.11,66,17,1.61
367,Husavik,IS,2022-07-28 02:10:54,66.0449,-17.3389,53.71,84,49,8.12
368,Kashi,CN,2022-07-28 02:10:54,39.4547,75.9797,88.97,18,4,6.33
369,Gdansk,PL,2022-07-28 02:10:55,54.3521,18.6464,61.16,86,20,12.66
370,Hamina,FI,2022-07-28 02:10:55,60.5697,27.1979,58.28,90,100,7.23
371,Mombetsu,JP,2022-07-28 02:10:55,44.3525,143.3525,67.32,88,89,6.76
372,Ierapetra,GR,2022-07-28 02:10:56,35.01,25.7353,79.14,44,0,8.01
373,Yulara,AU,2022-07-28 02:10:56,-25.2406,130.9889,57.49,23,10,13.98
374,Ibiruba,BR,2022-07-28 02:10:57,-28.6275,-53.0897,61.11,88,71,4.94
375,Magadan,RU,2022-07-28 02:10:57,59.5667,150.8,72.54,61,46,4.25
376,Effingham,US,2022-07-28 02:10:58,32.3669,-81.3332,82.89,82,100,6.69
377,Tianpeng,CN,2022-07-28 02:10:58,30.9866,103.9393,84.63,68,0,1.7
378,Liaozhong,CN,2022-07-28 02:10:58,41.5061,122.7242,82.54,76,100,10.0
379,Faya,SA,2022-07-28 02:06:58,18.3851,42.4509,63.12,65,100,5.01
380,Makakilo City,US,2022-07-28 02:10:59,21.3469,-158.0858,86.32,49,0,16.11
381,Puqi,CN,2022-07-28 02:10:59,29.7167,113.8833,83.41,81,100,4.05
382,Barroquinha,BR,2022-07-28 02:11:00,-3.0189,-41.1361,73.04,82,68,3.24
383,Chilliwack,CA,2022-07-28 02:11:00,49.1747,-121.9443,90.52,47,9,1.99
384,Kankan,GN,2022-07-28 02:11:01,10.3854,-9.3057,69.96,93,25,6.96
385,Beringovskiy,RU,2022-07-28 02:11:01,63.05,179.3167,48.7,92,100,2.89
386,Bambous Virieux,MU,2022-07-28 02:11:01,-20.3428,57.7575,68.25,88,40,5.75
387,Mandurah,AU,2022-07-28 02:06:59,-32.55,115.7,63.91,60,96,11.68
388,Davila,PH,2022-07-28 02:11:02,18.4726,120.5763,84.18,76,100,4.83
389,Otwock,PL,2022-07-28 02:11:03,52.1058,21.2613,60.04,80,0,5.01
390,Presidente Medici,BR,2022-07-28 02:11:03,-11.1753,-61.9014,76.06,38,5,1.52
391,Airai,TL,2022-07-28 02:11:04,-8.9266,125.4092,67.86,49,14,5.14
392,Port Hardy,CA,2022-07-28 02:11:04,50.6996,-127.4199,65.55,84,69,10.18
393,Antalaha,MG,2022-07-28 02:11:05,-14.9003,50.2788,66.97,91,100,5.1
394,Dawlatabad,AF,2022-07-28 02:11:05,36.4141,64.9053,84.38,27,3,6.85
395,Sheltozero,RU,2022-07-28 02:11:06,61.3667,35.3667,61.43,87,100,3.53
396,Pangoa,PE,2022-07-28 02:11:06,-12.1167,-73.0,71.46,77,85,2.51
397,Pathein,MM,2022-07-28 02:11:07,16.7833,94.7333,85.41,72,12,9.26
398,Les Cayes,HT,2022-07-28 02:11:07,18.2,-73.75,78.33,81,94,2.39
399,Kulhudhuffushi,MV,2022-07-28 02:11:08,6.6221,73.07,81.52,75,75,15.57
400,Narsaq,GL,2022-07-28 02:11:08,60.9167,-46.05,48.42,86,11,4.16
401,Stromness,GB,2022-07-28 02:11:08,58.965,-3.296,51.76,90,98,5.99
402,Sibolga,ID,2022-07-28 02:11:09,1.7427,98.7792,83.37,60,43,1.28
403,Afua,BR,2022-07-28 02:11:10,-0.1567,-50.3867,75.67,89,47,4.29
404,Gushikawa,JP,2022-07-28 02:11:10,26.3544,127.8686,83.43,89,75,6.91
405,El Rosario,MX,2022-07-28 02:11:10,24.2556,-107.1828,81.66,78,100,4.59
406,Lewistown,US,2022-07-28 02:11:11,40.5992,-77.5714,76.8,100,20,0.0
407,Jaicos,BR,2022-07-28 02:11:11,-7.3592,-41.1378,72.07,54,8,4.61
408,Jining,CN,2022-07-28 02:11:12,35.405,116.5814,77.79,92,100,5.28
409,Ust-Omchug,RU,2022-07-28 02:11:12,61.15,149.6333,62.11,35,60,3.49
410,Lucapa,AO,2022-07-28 02:11:12,-8.4192,20.7447,63.59,35,91,4.21
411,Guatire,VE,2022-07-28 02:11:13,10.4762,-66.5427,71.26,98,65,1.66
412,Meulaboh,ID,2022-07-28 02:11:13,4.1363,96.1285,78.89,81,96,2.15
413,Tucupita,VE,2022-07-28 02:11:14,9.0622,-62.051,74.14,96,3,3.56
414,Tigil,RU,2022-07-28 02:11:14,57.8,158.6667,56.44,91,100,5.03
415,Llandrindod Wells,GB,2022-07-28 02:11:15,52.2416,-3.3787,57.38,92,98,2.21
416,Juruti,BR,2022-07-28 02:11:15,-2.1522,-56.0922,77.34,70,16,3.06
417,Moulins,FR,2022-07-28 02:11:16,46.5,3.3333,54.32,78,2,0.81
418,Santa Rosalia,MX,2022-07-28 02:11:16,27.3167,-112.2833,85.42,60,15,3.6
419,Port Keats,AU,2022-07-28 02:11:17,-14.25,129.55,82.56,28,44,10.8
420,Laguna,US,2022-07-28 02:11:17,38.421,-121.4238,98.46,36,0,10.36
421,Ron Phibun,TH,2022-07-28 02:11:17,8.1791,99.8542,88.72,77,89,3.42
422,Assiniboia,CA,2022-07-28 02:11:18,49.6334,-105.9845,68.79,42,65,8.5
423,Quixeramobim,BR,2022-07-28 02:09:09,-5.1992,-39.2928,74.84,66,99,4.54
424,Port Macquarie,AU,2022-07-28 02:11:19,-31.4333,152.9167,64.89,47,0,5.59
425,Saint-Augustin,CA,2022-07-28 02:11:19,51.226,-58.6502,58.17,90,75,7.11
426,Vyskov,CZ,2022-07-28 02:11:20,49.2775,16.999,61.0,96,33,7.25
427,Pinos,MX,2022-07-28 02:11:20,22.3,-101.5667,60.73,65,96,17.67
428,Conceicao Do Araguaia,BR,2022-07-28 02:11:20,-8.2578,-49.2647,71.22,46,2,1.99
429,Lufkin,US,2022-07-28 02:11:21,31.3382,-94.7291,85.32,70,0,8.05
430,Aguimes,ES,2022-07-28 02:11:21,27.9054,-15.4461,71.65,78,20,28.77
431,Nizhniy Kuranakh,RU,2022-07-28 02:06:41,58.8353,125.4869,81.43,50,10,4.59
432,Kahului,US,2022-07-28 02:07:27,20.8947,-156.47,86.02,51,20,24.16
433,Mount Isa,AU,2022-07-28 02:11:22,-20.7333,139.5,73.17,27,0,13.8
434,Manokwari,ID,2022-07-28 02:11:23,-0.8667,134.0833,83.97,67,63,7.54
435,Shiyan,CN,2022-07-28 02:11:23,32.6475,110.7781,86.68,59,2,5.53
436,Velyka Pysarivka,UA,2022-07-28 02:11:23,50.4259,35.485,65.97,77,77,1.43
437,Cam Ranh,VN,2022-07-28 02:11:24,11.9214,109.1591,85.96,66,0,2.3
438,Sakakah,SA,2022-07-28 02:11:24,29.9697,40.2064,86.02,13,6,10.25
439,Saint-Georges,GD,2022-07-28 02:07:01,12.0564,-61.7485,79.05,82,15,12.1
440,San Carlos,VE,2022-07-28 02:11:25,9.6612,-68.5827,71.87,97,61,2.64
441,Jijiga,ET,2022-07-28 02:11:25,9.35,42.8,61.0,67,26,15.93
442,Ileza,RU,2022-07-28 02:11:26,61.0533,43.9002,61.27,97,73,5.48
443,Dukat,RU,2022-07-28 02:11:26,62.55,155.55,57.2,39,81,7.11
444,Lagos,NG,2022-07-28 02:11:11,6.5833,3.75,74.57,93,95,7.92
445,Butterworth,MY,2022-07-28 02:11:26,5.3991,100.3638,84.24,79,20,2.3
446,Klaksvik,FO,2022-07-28 02:11:27,62.2266,-6.589,52.72,93,80,14.03
447,Turkistan,KZ,2022-07-28 02:11:27,43.0,68.0,82.92,28,36,7.63
448,Mamlyutka,KZ,2022-07-28 02:11:28,54.9375,68.5394,59.7,87,96,14.47
449,Dubbo,AU,2022-07-28 02:08:44,-32.25,148.6167,55.53,54,100,11.5
450,Biu,NG,2022-07-28 02:11:29,10.6129,12.1946,67.15,89,100,4.88
451,Nanhyanga,TZ,2022-07-28 02:11:29,-10.8,39.55,61.32,97,24,3.51
452,Hua Hin,TH,2022-07-28 02:11:29,12.5707,99.9588,84.88,99,100,3.15
453,Verkhnyaya Inta,RU,2022-07-28 02:11:30,65.9811,60.3094,61.97,59,100,8.34
454,Killin,US,2022-07-28 02:11:30,33.6123,-91.7412,87.89,58,0,3.44
455,Aleksandrovskiy Zavod,RU,2022-07-28 02:11:31,50.9237,117.9374,69.31,68,56,4.16
456,Ketchikan,US,2022-07-28 02:11:31,55.3422,-131.6461,75.67,41,0,5.75
457,Pavlovsk,RU,2022-07-28 02:11:31,50.4578,40.1081,64.98,83,4,3.31
458,Petropavlovsk-Kamchatskiy,RU,2022-07-28 02:11:17,53.0452,158.6483,72.19,43,75,2.24
459,Talara,PE,2022-07-28 02:11:32,-4.5772,-81.2719,64.89,88,37,17.67
460,Bataipora,BR,2022-07-28 02:11:32,-22.2953,-53.2711,70.02,43,16,3.51
461,Tres Arroyos,AR,2022-07-28 02:11:33,-38.3739,-60.2798,48.83,93,100,13.78
462,Dovolnoye,RU,2022-07-28 02:11:33,54.4958,79.6671,72.54,60,62,6.49
463,Ayr,GB,2022-07-28 02:11:33,55.4627,-4.6339,52.93,87,100,5.75
464,Grand-Lahou,CI,2022-07-28 02:11:34,5.1367,-5.0242,74.93,85,93,13.67
465,Emerald,AU,2022-07-28 02:07:35,-23.5333,148.1667,62.35,48,0,15.48
466,Ugoofaaru,MV,2022-07-28 02:11:34,5.6667,73.0,81.86,74,100,14.76
467,Sistranda,NO,2022-07-28 02:11:35,63.7256,8.834,48.16,73,100,12.48
468,Tougan,BF,2022-07-28 02:11:35,13.0667,-3.0667,80.47,66,42,11.97
469,Challans,FR,2022-07-28 02:11:36,46.8436,-1.8749,66.4,66,100,5.08
470,Bosaso,SO,2022-07-28 02:11:36,11.2842,49.1816,89.31,37,56,25.48
471,Spremberg,DE,2022-07-28 02:11:36,51.5697,14.3736,52.21,70,0,2.17
472,Havre-Saint-Pierre,CA,2022-07-28 02:11:37,50.2334,-63.5986,58.84,83,42,6.22
473,Sao Felix Do Xingu,BR,2022-07-28 02:11:37,-6.6447,-51.995,71.46,55,42,0.94
474,Were Ilu,ET,2022-07-28 02:11:38,10.6,39.4333,51.37,88,95,3.04
475,Srednekolymsk,RU,2022-07-28 02:11:38,67.45,153.6833,55.63,44,99,10.69
476,Maragogi,BR,2022-07-28 02:11:39,-9.0122,-35.2225,71.98,88,69,4.94
477,Petauke,ZM,2022-07-28 02:11:39,-14.2426,31.3253,57.49,62,10,7.47
478,Kapoeta,SS,2022-07-28 02:11:39,4.7717,33.5903,71.96,76,100,4.27
479,Belaya Gora,RU,2022-07-28 02:10:11,68.5333,146.4167,62.47,34,97,13.31
480,Batemans Bay,AU,2022-07-28 02:11:40,-35.7167,150.1833,57.09,46,22,5.12
481,Tessalit,ML,2022-07-28 02:11:41,20.1986,1.0114,94.03,20,64,10.22
482,Labrea,BR,2022-07-28 02:11:41,-7.2586,-64.7981,75.65,48,0,1.36
483,Guane,CU,2022-07-28 02:11:41,22.2025,-84.0875,79.05,82,56,5.28
484,Matara,LK,2022-07-28 02:11:42,5.9485,80.5353,76.28,89,97,7.58
485,Leona Vicario,MX,2022-07-28 02:11:42,20.9667,-87.1917,82.27,89,6,3.69
486,Pacifica,US,2022-07-28 02:11:43,37.6138,-122.4869,73.9,88,20,24.16
487,Olafsvik,IS,2022-07-28 02:11:43,64.8945,-23.7142,47.84,81,100,25.59
488,Coari,BR,2022-07-28 02:10:56,-4.085,-63.1414,77.23,64,72,0.51
489,Unity,CA,2022-07-28 02:11:43,52.4501,-109.1682,73.26,55,76,7.14
490,Katangli,RU,2022-07-28 02:11:44,51.7102,143.2326,61.03,75,60,8.05
491,Dumas,US,2022-07-28 02:11:44,35.8656,-101.9732,87.94,30,0,8.05
492,Portree,GB,2022-07-28 02:11:45,57.4129,-6.1942,49.51,90,100,1.57
493,Amga,RU,2022-07-28 02:11:45,60.8953,131.9608,85.84,41,8,1.05
494,Salekhard,RU,2022-07-28 02:11:46,66.53,66.6019,62.17,61,99,9.86
495,Moindou,NC,2022-07-28 02:11:46,-21.6924,165.677,73.94,62,100,8.16
496,Sri Aman,MY,2022-07-28 02:11:46,1.2376,111.4621,80.67,82,83,2.66
497,College,US,2022-07-28 02:11:47,64.8569,-147.8028,61.47,61,75,14.97
498,Santa Fe,AR,2022-07-28 02:11:47,-31.6333,-60.7,61.02,82,100,7.0
499,Batagay-Alyta,RU,2022-07-28 02:11:48,67.8006,130.4114,79.86,44,41,3.65
500,Mahanoro,MG,2022-07-28 02:11:48,-19.9,48.8,63.19,92,15,4.79
501,Verkhoyansk,RU,2022-07-28 02:11:48,67.5447,133.385,81.21,40,99,3.29
502,Koraput,IN,2022-07-28 02:11:49,18.8167,82.7167,73.85,84,98,2.44
503,Sinnamary,GF,2022-07-28 02:11:49,5.3833,-52.95,77.95,84,94,4.52
504,Chalchihuites,MX,2022-07-28 02:11:50,23.4833,-103.8833,61.68,77,96,2.98
505,Forio,IT,2022-07-28 02:11:50,40.7342,13.8646,80.42,82,1,1.01
506,Iskateley,RU,2022-07-28 02:11:50,67.6803,53.1512,63.34,69,100,11.14
507,Itoman,JP,2022-07-28 02:08:03,26.1247,127.6694,84.22,86,75,6.91
508,Mago,RU,2022-07-28 02:11:51,53.2514,140.1822,77.4,50,9,2.84
509,Kasane,BW,2022-07-28 02:11:51,-17.8167,25.15,52.52,61,2,3.11
510,Adoni,IN,2022-07-28 02:11:52,15.6333,77.2833,79.47,75,86,5.59
511,Viedma,AR,2022-07-28 02:11:52,-40.8135,-62.9967,45.54,84,67,10.22
512,Yerbogachen,RU,2022-07-28 02:10:02,61.2767,108.0108,71.53,66,24,7.47
513,Ust-Maya,RU,2022-07-28 02:11:53,60.4167,134.5333,83.75,43,97,2.59
514,Atagay,RU,2022-07-28 02:11:53,55.1033,99.3875,64.8,58,100,3.78
515,Marsh Harbour,BS,2022-07-28 02:11:53,26.5412,-77.0636,82.18,73,57,12.08
516,Severnoye,RU,2022-07-28 02:11:54,56.3491,78.3619,65.08,87,100,6.64
517,Springbok,ZA,2022-07-28 02:11:54,-29.6643,17.8865,47.79,42,0,6.78
518,Cairns,AU,2022-07-28 02:11:55,-16.9167,145.7667,78.06,65,40,21.85
519,Hofn,IS,2022-07-28 02:11:55,64.2539,-15.2082,53.58,99,100,24.16
520,Gilgit,PK,2022-07-28 02:11:55,35.9221,74.3087,82.15,59,47,2.3
521,Yongzhou,CN,2022-07-28 02:11:56,26.4559,111.5988,92.52,50,96,8.32
522,Eldorado,BR,2022-07-28 02:11:56,-23.7869,-54.2836,67.08,59,9,5.79
523,Hudson Bay,CA,2022-07-28 02:11:57,52.85,-102.3842,61.75,64,61,4.81
524,Beidao,CN,2022-07-28 02:11:57,34.5686,105.8933,79.48,49,0,1.07
525,Oldmeldrum,GB,2022-07-28 02:11:58,57.3349,-2.3199,50.49,96,75,1.14
526,Los Llanos De Aridane,ES,2022-07-28 02:11:58,28.6585,-17.9182,71.13,92,0,17.27
527,Nerja,ES,2022-07-28 02:11:59,36.7585,-3.8873,80.22,72,0,3.36
528,Ghanzi,BW,2022-07-28 02:11:59,-21.5667,21.7833,57.4,32,6,10.36
529,Nuevo Laredo,MX,2022-07-28 02:11:59,27.4763,-99.5164,89.87,48,0,17.27
530,Buri,BR,2022-07-28 02:12:00,-23.7975,-48.5928,59.07,78,51,2.77
531,Mocuba,MZ,2022-07-28 02:12:00,-16.8392,36.9856,57.27,92,0,2.59
532,Machali,CL,2022-07-28 02:12:01,-34.1833,-70.6667,47.35,84,28,0.98
533,Semey,KZ,2022-07-28 02:12:01,50.4111,80.2275,71.82,56,75,8.95
534,Moramanga,MG,2022-07-28 02:12:02,-18.9333,48.2,50.81,98,19,0.81
535,Brora,GB,2022-07-28 02:12:02,58.0099,-3.8518,55.44,88,100,6.53
536,Vao,NC,2022-07-28 02:12:03,-22.6667,167.4833,69.15,68,100,7.72
537,Sakaiminato,JP,2022-07-28 02:12:03,35.55,133.2333,91.33,74,92,6.51
538,Borovoy,RU,2022-07-28 02:12:04,55.4333,86.0833,69.69,68,0,4.47
539,Sarankhola,BD,2022-07-28 02:12:04,22.3082,89.7897,84.58,75,100,3.87
540,Snezhnogorsk,RU,2022-07-28 02:12:05,69.1933,33.2531,58.78,88,6,8.88
541,Pisco,PE,2022-07-28 02:12:05,-13.7,-76.2167,59.05,82,20,4.61
542,Vinh Long,VN,2022-07-28 02:12:05,10.25,105.9667,84.18,74,49,1.1
543,Victor Harbor,AU,2022-07-28 02:12:06,-35.5667,138.6167,57.0,82,99,1.99
544,Zhangye,CN,2022-07-28 02:12:06,38.9342,100.4517,82.45,20,73,3.11
545,Krasavino,RU,2022-07-28 02:12:07,60.9614,46.4814,62.76,81,56,6.26
546,Muros,ES,2022-07-28 02:12:07,42.7762,-9.0603,60.1,83,87,2.71
547,Lunino,RU,2022-07-28 02:12:08,53.5918,45.2271,62.31,91,6,3.98
548,Yichang,CN,2022-07-28 02:12:08,30.7144,111.2847,85.86,62,100,1.61
549,Haputale,LK,2022-07-28 02:12:09,6.7681,80.9595,65.21,78,99,1.19
550,Ystad,SE,2022-07-28 02:12:09,55.4297,13.8204,52.54,88,0,11.63
551,Gat,IL,2022-07-28 02:12:09,31.61,34.7642,77.4,69,0,2.55
552,Pacific Grove,US,2022-07-28 02:12:10,36.6177,-121.9166,70.25,83,75,6.91
553,Larsnes,NO,2022-07-28 02:12:10,62.2028,5.5773,49.44,92,72,3.96
554,Buchanan,LR,2022-07-28 02:12:11,5.8808,-10.0467,74.7,85,100,10.6
555,Mana,GF,2022-07-28 02:12:11,5.6592,-53.7767,77.18,87,95,3.98
556,Coihueco,CL,2022-07-28 02:12:12,-36.6167,-71.8333,41.74,93,0,3.44
557,Komsomolskiy,UZ,2022-07-28 02:12:12,40.4272,71.7189,81.32,39,3,6.91
558,Mao,ES,2022-07-28 02:09:38,39.8885,4.2658,73.96,73,0,0.0
559,Egvekinot,RU,2022-07-28 02:12:13,66.3167,-179.1667,39.31,81,100,5.35
560,Magdalena,PH,2022-07-28 02:12:13,14.1999,121.429,85.35,77,100,6.42
561,Timra,SE,2022-07-28 02:12:14,62.487,17.3257,49.68,81,5,6.91
562,Tarko-Sale,RU,2022-07-28 02:12:14,64.9225,77.785,57.15,66,34,15.26
563,Aden,YE,2022-07-28 02:12:15,12.7794,45.0367,82.8,76,19,2.39
564,Isangel,VU,2022-07-28 02:12:15,-19.55,169.2667,77.47,82,100,12.08
565,Derzhavinsk,KZ,2022-07-28 02:12:15,51.1,66.3167,64.71,78,100,17.49
566,Yizheng,CN,2022-07-28 02:12:16,24.6706,103.4296,68.67,80,88,2.66
567,Dunedin,NZ,2022-07-28 02:09:26,-45.8742,170.5036,45.81,90,100,8.99
568,Pontes E Lacerda,BR,2022-07-28 02:12:16,-15.2261,-59.3353,72.93,43,0,3.04
569,Tynset,NO,2022-07-28 02:12:17,62.2759,10.7824,44.22,92,44,4.88
