City_ID,City,Country,Date,Lat,Lng,Max Temp,Humidity,Cloudiness,Wind Speed,Current Description,Rain inches (last 3 hrs),Snow inches (last 3 hrs)
0,Upernavik,GL,2022-07-28 19:31:08,72.7868,-56.1549,43.05,69,100,5.75,overcast clouds,0,0
1,Mataura,NZ,2022-07-28 19:26:41,-46.1927,168.8643,47.48,97,100,4.27,overcast clouds,0,0
2,New Norfolk,AU,2022-07-28 19:31:09,-42.7826,147.0587,40.71,85,7,4.23,clear sky,0,0
3,Ushuaia,AR,2022-07-28 19:31:10,-54.8,-68.3,46.06,53,75,17.27,broken clouds,0,0
4,Cabo San Lucas,MX,2022-07-28 19:30:53,22.8909,-109.9124,93.61,48,20,10.36,few clouds,0,0
5,Rosarito,MX,2022-07-28 19:27:55,32.3333,-117.0333,85.41,67,42,9.73,scattered clouds,0,0
6,Malinovoye Ozero,RU,2022-07-28 19:31:14,51.6753,79.7825,67.98,64,92,7.47,overcast clouds,0,0
7,Kapaa,US,2022-07-28 19:31:16,22.0752,-159.319,80.58,75,100,10.36,light rain,0,0
8,Poopo,BO,2022-07-28 19:31:18,-18.3667,-66.9667,63.37,13,97,10.36,overcast clouds,0,0
9,Vaini,TO,2022-07-28 19:26:35,-21.2,-175.2,73.56,100,20,6.91,few clouds,0,0
10,Buala,SB,2022-07-28 19:31:22,-8.145,159.5921,79.93,81,60,8.81,light rain,0,0
11,Rikitea,PF,2022-07-28 19:26:25,-23.1203,-134.9692,73.56,73,100,20.58,overcast clouds,0,0
12,Albany,US,2022-07-28 19:28:20,42.6001,-73.9662,90.64,61,100,3.0,overcast clouds,0,0
13,Qaanaaq,GL,2022-07-28 19:31:24,77.484,-69.3632,41.22,68,11,2.95,few clouds,0,0
14,Hobart,AU,2022-07-28 19:30:09,-42.8794,147.3294,41.05,83,40,5.75,scattered clouds,0,0
15,Punta Arenas,CL,2022-07-28 19:31:25,-53.15,-70.9167,44.71,81,75,28.77,light intensity shower rain,0,0
16,Jamestown,US,2022-07-28 19:31:27,42.097,-79.2353,82.06,43,20,16.11,few clouds,0,0
17,Dunedin,NZ,2022-07-28 19:29:54,-45.8742,170.5036,44.8,75,100,8.01,overcast clouds,0,0
18,Grand Gaube,MU,2022-07-28 19:31:31,-20.0064,57.6608,70.38,74,2,7.0,clear sky,0,0
19,Bredasdorp,ZA,2022-07-28 19:31:32,-34.5322,20.0403,52.81,74,0,6.33,clear sky,0,0
20,Venado Tuerto,AR,2022-07-28 19:31:33,-33.7456,-61.9688,59.77,27,0,16.69,clear sky,0,0
21,Bilecik,TR,2022-07-28 19:31:34,40.0,30.1667,75.85,58,0,2.53,clear sky,0,0
22,Castro,BR,2022-07-28 19:31:35,-24.7911,-50.0119,68.83,54,100,8.08,overcast clouds,0,0
23,Lagoa,PT,2022-07-28 19:27:53,39.05,-27.9833,72.5,74,3,4.36,clear sky,0,0
24,Nome,US,2022-07-28 19:27:39,64.5011,-165.4064,55.17,76,0,4.61,clear sky,0,0
25,Tomatlan,MX,2022-07-28 19:30:04,19.9333,-105.25,90.61,49,53,10.85,broken clouds,0,0
26,Hithadhoo,MV,2022-07-28 19:31:37,-0.6,73.0833,82.18,74,100,11.72,overcast clouds,0,0
27,Nikolskoye,RU,2022-07-28 19:30:27,59.7035,30.7861,61.81,78,100,3.74,overcast clouds,0,0
28,Pozhva,RU,2022-07-28 19:31:38,59.0912,56.0847,60.24,75,80,1.39,broken clouds,0,0
29,Esperance,AU,2022-07-28 19:31:38,-33.8667,121.9,57.16,81,1,12.37,clear sky,0,0
30,Bengkulu,ID,2022-07-28 19:29:20,-3.8004,102.2655,75.52,90,75,4.81,light rain,0,0
31,Ambanja,MG,2022-07-28 19:29:55,-13.6833,48.45,72.39,79,75,1.23,broken clouds,0,0
32,Port Alfred,ZA,2022-07-28 19:27:44,-33.5906,26.891,63.18,87,1,4.0,clear sky,0,0
33,Butaritari,KI,2022-07-28 19:31:39,3.0707,172.7902,81.93,72,41,15.32,scattered clouds,0,0
34,Arraial Do Cabo,BR,2022-07-28 19:31:40,-22.9661,-42.0278,84.16,57,0,13.8,clear sky,0,0
35,Yellowknife,CA,2022-07-28 19:31:40,62.456,-114.3525,64.92,68,75,10.36,broken clouds,0,0
36,Cervo,ES,2022-07-28 19:31:41,43.6702,-7.4101,67.96,86,28,6.15,scattered clouds,0,0
37,Tiarei,PF,2022-07-28 19:31:41,-17.5333,-149.3333,80.62,77,14,25.46,light rain,0,0
38,Hermanus,ZA,2022-07-28 19:30:39,-34.4187,19.2345,57.63,74,0,13.47,clear sky,0,0
39,Dikson,RU,2022-07-28 19:31:42,73.5069,80.5464,43.39,100,100,15.93,overcast clouds,0,0
40,Walvis Bay,NA,2022-07-28 19:31:43,-22.9575,14.5053,54.09,82,6,4.61,clear sky,0,0
41,Kalmunai,LK,2022-07-28 19:31:43,7.4167,81.8167,79.02,83,100,3.74,heavy intensity rain,0,0
42,Cape Town,ZA,2022-07-28 19:31:25,-33.9258,18.4232,60.89,81,75,19.57,broken clouds,0,0
43,Bethel,US,2022-07-28 19:28:02,41.3712,-73.414,90.05,68,0,10.36,clear sky,0,0
44,Lebu,CL,2022-07-28 19:29:51,-37.6167,-73.65,53.28,74,0,13.98,clear sky,0,0
45,Camacha,PT,2022-07-28 19:31:44,33.0833,-16.3333,71.02,78,75,16.11,broken clouds,0,0
46,Cayhagan,PH,2022-07-28 19:31:45,9.6697,122.4256,79.56,85,93,8.19,overcast clouds,0,0
47,Tasiilaq,GL,2022-07-28 19:31:45,65.6145,-37.6368,42.96,94,100,3.94,overcast clouds,0,0
48,Bowen,AU,2022-07-28 19:31:46,-20.0167,148.2333,54.09,81,64,10.16,broken clouds,0,0
49,Grindavik,IS,2022-07-28 19:31:46,63.8424,-22.4338,48.67,81,100,9.22,overcast clouds,0,0
50,Talca,CL,2022-07-28 19:31:46,-35.4333,-71.6667,58.15,59,0,10.49,clear sky,0,0
51,Coihaique,CL,2022-07-28 19:31:47,-45.5752,-72.0662,46.35,53,75,11.5,broken clouds,0,0
52,Saint-Philippe,RE,2022-07-28 19:27:44,-21.3585,55.7679,67.21,83,4,8.55,clear sky,0,0
53,Kang,BW,2022-07-28 19:31:47,-23.6752,22.7876,63.36,26,0,12.62,clear sky,0,0
54,Krasnokamensk,RU,2022-07-28 19:31:48,50.0979,118.0369,57.36,72,0,1.16,clear sky,0,0
55,Poum,NC,2022-07-28 19:31:48,-20.2333,164.0167,70.99,76,5,10.11,clear sky,0,0
56,Sao Joao Da Barra,BR,2022-07-28 19:31:49,-21.6403,-41.0511,78.89,79,51,18.97,broken clouds,0,0
57,Santiago Del Estero,AR,2022-07-28 19:31:49,-27.7951,-64.2615,67.26,37,38,16.82,scattered clouds,0,0
58,Raton,US,2022-07-28 19:31:49,36.9034,-104.4391,70.41,68,100,5.75,overcast clouds,0,0
59,Busselton,AU,2022-07-28 19:31:50,-33.65,115.3333,59.81,83,100,18.52,overcast clouds,0,0
60,Barrow,US,2022-07-28 19:31:51,71.2906,-156.7887,33.4,99,100,12.33,light snow,0,0
61,Saldanha,ZA,2022-07-28 19:27:41,-33.0117,17.9442,59.05,89,20,11.59,few clouds,0,0
62,Leander,US,2022-07-28 19:27:28,30.5788,-97.8531,99.75,42,18,10.0,few clouds,0,0
63,Luderitz,NA,2022-07-28 19:31:53,-26.6481,15.1594,54.52,86,60,2.68,broken clouds,0,0
64,Puerto Ayora,EC,2022-07-28 19:31:54,-0.7393,-90.3518,78.76,89,77,10.0,broken clouds,0,0
65,Ilulissat,GL,2022-07-28 19:31:56,69.2167,-51.1,50.02,66,40,5.75,scattered clouds,0,0
66,Sitka,US,2022-07-28 19:27:52,57.0531,-135.33,58.89,88,100,3.44,mist,0,0
67,Surovikino,RU,2022-07-28 19:31:58,48.6078,42.8486,80.44,43,38,6.46,scattered clouds,0,0
68,Mahebourg,MU,2022-07-28 19:30:29,-20.4081,57.7,70.25,78,75,6.91,broken clouds,0,0
69,Sorland,NO,2022-07-28 19:31:59,67.667,12.6934,53.46,75,51,14.03,broken clouds,0,0
70,Gondar,ET,2022-07-28 19:31:59,12.6,37.4667,57.6,93,100,5.44,moderate rain,0,0
71,Iranshahr,IR,2022-07-28 19:32:00,27.2025,60.6848,88.14,51,20,6.91,few clouds,0,0
72,Carnarvon,AU,2022-07-28 19:29:20,-24.8667,113.6333,69.53,57,100,3.4,light rain,0,0
73,Tual,ID,2022-07-28 19:32:00,-5.6667,132.75,78.19,86,78,22.82,broken clouds,0,0
74,Benicarlo,ES,2022-07-28 19:32:01,40.4165,0.4271,80.24,81,11,6.26,few clouds,0,0
75,Galveston,US,2022-07-28 19:32:01,29.3669,-94.9669,98.1,60,0,13.8,clear sky,0,0
76,Slave Lake,CA,2022-07-28 19:32:01,55.2834,-114.769,87.78,42,0,12.66,clear sky,0,0
77,Torbay,CA,2022-07-28 19:32:02,47.6666,-52.7314,63.28,89,100,16.11,mist,0,0
78,Ambulu,ID,2022-07-28 19:32:02,-8.345,113.6058,72.28,89,85,4.5,overcast clouds,0,0
79,Norman Wells,CA,2022-07-28 19:32:03,65.282,-126.8329,60.84,63,75,6.91,broken clouds,0,0
80,Saint Pete Beach,US,2022-07-28 19:30:05,27.7253,-82.7412,96.24,63,0,4.61,clear sky,0,0
81,Comodoro Rivadavia,AR,2022-07-28 19:32:04,-45.8667,-67.5,51.66,37,0,35.68,clear sky,0,0
82,Hanmer Springs,NZ,2022-07-28 19:32:04,-42.5167,172.8167,41.38,97,100,4.63,light rain,0,0
83,Bilibino,RU,2022-07-28 19:27:09,68.0546,166.4372,48.45,61,12,4.34,few clouds,0,0
84,Alpena,US,2022-07-28 19:32:05,45.0617,-83.4327,80.19,52,75,12.66,broken clouds,0,0
85,Yumen,CN,2022-07-28 19:30:36,40.2833,97.2,76.84,13,82,9.42,broken clouds,0,0
86,Moerai,PF,2022-07-28 19:32:05,-22.4333,-151.3333,73.15,79,45,25.5,light rain,0,0
87,Mananjary,MG,2022-07-28 19:32:06,-21.2167,48.3333,67.71,88,84,1.68,light rain,0,0
88,Vila Do Maio,CV,2022-07-28 19:32:06,15.1333,-23.2167,90.39,83,3,18.32,clear sky,0,0
89,Ancud,CL,2022-07-28 19:32:06,-41.8697,-73.8203,47.52,79,100,4.97,overcast clouds,0,0
90,Provideniya,RU,2022-07-28 19:32:08,64.3833,-173.3,48.96,84,97,3.78,overcast clouds,0,0
91,Hilo,US,2022-07-28 19:32:09,19.7297,-155.09,84.27,76,20,3.44,few clouds,0,0
92,Hailar,CN,2022-07-28 19:32:10,49.2,119.7,58.78,74,1,3.22,clear sky,0,0
93,Basoko,CD,2022-07-28 19:32:12,1.2391,23.616,72.14,92,100,2.59,moderate rain,0,0
94,Broome,US,2022-07-28 19:27:51,42.2506,-75.833,85.46,64,100,12.66,overcast clouds,0,0
95,Bathsheba,BB,2022-07-28 19:28:37,13.2167,-59.5167,88.41,79,40,20.71,scattered clouds,0,0
96,San Patricio,US,2022-07-28 19:27:30,28.017,-97.5169,98.17,39,27,18.5,scattered clouds,0,0
97,Prieska,ZA,2022-07-28 19:32:17,-29.6641,22.7474,58.15,33,0,4.65,clear sky,0,0
98,Karratha,AU,2022-07-28 19:32:19,-20.7377,116.8463,68.29,63,3,7.07,light rain,0,0
99,Komsomolskiy,UZ,2022-07-28 19:27:49,40.4272,71.7189,88.52,20,100,13.8,overcast clouds,0,0
100,Kloulklubed,PW,2022-07-28 19:32:23,7.0419,134.2556,82.9,74,100,5.5,overcast clouds,0,0
101,Saravan,AM,2022-07-28 19:32:25,39.7196,45.6483,63.14,76,0,7.49,clear sky,0,0
102,Alofi,NU,2022-07-28 19:32:27,-19.0595,-169.9187,75.09,83,20,11.5,few clouds,0,0
103,Atuona,PF,2022-07-28 19:32:28,-9.8,-139.0333,76.73,77,28,24.96,light rain,0,0
104,Tabuk,PH,2022-07-28 19:32:29,17.4189,121.4443,74.28,93,100,2.33,overcast clouds,0,0
105,Oytal,KZ,2022-07-28 19:32:30,42.9057,73.2697,74.39,44,9,6.82,clear sky,0,0
106,Pisco,PE,2022-07-28 19:31:48,-13.7,-76.2167,64.45,72,75,9.22,broken clouds,0,0
107,Ust-Kuyga,RU,2022-07-28 19:32:32,70.0167,135.6,65.23,94,100,5.57,light rain,0,0
108,Chibombo,ZM,2022-07-28 19:32:33,-14.6569,28.0706,58.42,51,4,7.14,clear sky,0,0
109,Yuksekova,TR,2022-07-28 19:32:35,37.5736,44.2872,65.95,27,0,1.14,clear sky,0,0
110,Alta Floresta,BR,2022-07-28 19:32:36,-9.8756,-56.0861,96.62,23,0,3.44,clear sky,0,0
111,Severo-Kurilsk,RU,2022-07-28 19:32:37,50.6789,156.125,52.77,92,100,9.06,overcast clouds,0,0
112,Buraydah,SA,2022-07-28 19:32:38,26.326,43.975,99.05,13,98,7.7,overcast clouds,0,0
113,Pundaguitan,PH,2022-07-28 19:32:39,6.3711,126.1689,82.8,75,94,7.74,overcast clouds,0,0
114,Mao,ES,2022-07-28 19:32:39,39.8885,4.2658,81.16,69,0,4.61,clear sky,0,0
115,Bani,DO,2022-07-28 19:32:40,18.2833,-70.3333,86.86,52,12,14.25,few clouds,0,0
116,Coquimbo,CL,2022-07-28 19:27:54,-29.9533,-71.3436,60.53,67,0,11.5,clear sky,0,0
117,East London,ZA,2022-07-28 19:32:42,-33.0153,27.9116,69.85,57,15,16.93,few clouds,0,0
118,Adrar,MR,2022-07-28 19:32:43,20.5022,-10.0711,104.36,7,2,8.59,clear sky,0,0
119,Avarua,CK,2022-07-28 19:32:44,-21.2078,-159.775,77.05,78,75,21.85,broken clouds,0,0
120,Chuy,UY,2022-07-28 19:32:45,-33.6971,-53.4616,50.32,89,100,14.76,overcast clouds,0,0
121,Lop Buri,TH,2022-07-28 19:32:46,14.7981,100.654,81.91,81,83,4.74,broken clouds,0,0
122,Bluff,NZ,2022-07-28 19:32:49,-46.6,168.3333,47.8,75,100,11.74,overcast clouds,0,0
123,Kodiak,US,2022-07-28 19:32:53,57.79,-152.4072,60.31,67,0,5.75,clear sky,0,0
124,Zhigansk,RU,2022-07-28 19:32:56,66.7697,123.3711,66.29,68,99,6.26,overcast clouds,0,0
125,Skjervoy,NO,2022-07-28 19:32:59,70.0311,20.9714,51.8,71,85,1.83,overcast clouds,0,0
126,Pangnirtung,CA,2022-07-28 19:32:59,66.1451,-65.7125,50.0,93,100,16.11,fog,0,0
127,High Level,CA,2022-07-28 19:31:19,58.5169,-117.136,80.71,57,75,11.5,broken clouds,0,0
128,Pomichna,UA,2022-07-28 19:33:03,48.2422,31.4158,66.69,71,92,6.91,overcast clouds,0,0
129,Port Macquarie,AU,2022-07-28 19:33:04,-31.4333,152.9167,41.9,69,97,5.82,overcast clouds,0,0
130,San Cristobal,VE,2022-07-28 19:33:05,7.7669,-72.225,73.58,60,99,6.8,overcast clouds,0,0
131,Lyantonde,UG,2022-07-28 19:33:06,-0.4031,31.1572,69.33,61,90,1.57,overcast clouds,0,0
132,Mar Del Plata,AR,2022-07-28 19:33:07,-38.0023,-57.5575,50.09,95,100,21.0,heavy intensity drizzle,0,0
133,San Policarpo,PH,2022-07-28 19:33:08,12.1791,125.5072,79.43,87,100,7.65,moderate rain,0,0
134,Seoul,KR,2022-07-28 19:28:24,37.5683,126.9778,80.2,81,40,5.75,scattered clouds,0,0
135,Tautira,PF,2022-07-28 19:33:10,-17.7333,-149.15,77.34,77,23,24.23,light rain,0,0
136,Egvekinot,RU,2022-07-28 19:32:59,66.3167,-179.1667,41.74,87,100,2.59,light rain,0,0
137,Conakry,GN,2022-07-28 19:33:11,9.538,-13.6773,78.87,89,75,13.8,broken clouds,0,0
138,Abu Samrah,SY,2022-07-28 19:33:13,35.3029,37.1841,85.96,25,0,9.28,clear sky,0,0
139,Hasaki,JP,2022-07-28 19:33:14,35.7333,140.8333,77.4,90,79,10.94,broken clouds,0,0
140,Nakatsu,JP,2022-07-28 19:33:15,33.5981,131.1883,82.29,88,0,6.38,clear sky,0,0
141,Husavik,IS,2022-07-28 19:33:15,66.0449,-17.3389,52.14,77,25,7.49,scattered clouds,0,0
142,Maracas,BR,2022-07-28 19:33:16,-13.4411,-40.4308,67.23,66,82,6.69,broken clouds,0,0
143,Meulaboh,ID,2022-07-28 19:33:16,4.1363,96.1285,75.61,89,100,2.19,overcast clouds,0,0
144,Qasigiannguit,GL,2022-07-28 19:33:17,68.8193,-51.1922,50.25,55,93,5.03,overcast clouds,0,0
145,Recodo,PH,2022-07-28 19:33:18,6.9519,121.9636,77.31,86,100,1.99,overcast clouds,0,0
146,Pevek,RU,2022-07-28 19:33:19,69.7008,170.3133,39.61,78,94,2.46,overcast clouds,0,0
147,Thompson,CA,2022-07-28 19:33:20,55.7435,-97.8558,73.56,38,20,8.05,few clouds,0,0
148,Hofn,IS,2022-07-28 19:33:22,64.2539,-15.2082,51.44,93,100,1.74,overcast clouds,0,0
149,Santa Fe,AR,2022-07-28 19:28:44,-31.6333,-60.7,66.0,34,0,11.01,light rain,0,0
150,Yulara,AU,2022-07-28 19:33:23,-25.2406,130.9889,47.59,34,89,9.66,overcast clouds,0,0
151,Vera Cruz,BR,2022-07-28 19:33:23,-12.6333,-41.0333,72.97,57,90,4.99,overcast clouds,0,0
152,Zeya,RU,2022-07-28 19:33:24,53.75,127.2667,66.0,99,100,2.28,light rain,0,0
153,Shingu,JP,2022-07-28 19:32:21,33.7333,135.9833,76.17,92,68,4.68,broken clouds,0,0
154,Yar-Sale,RU,2022-07-28 19:33:25,66.8333,70.8333,62.08,63,96,5.64,overcast clouds,0,0
155,Honningsvag,NO,2022-07-28 19:33:25,70.9821,25.9704,49.75,81,75,8.05,broken clouds,0,0
156,Boyolangu,ID,2022-07-28 19:33:26,-8.1181,111.8935,71.85,94,100,1.77,overcast clouds,0,0
157,Tuktoyaktuk,CA,2022-07-28 19:33:27,69.4541,-133.0374,44.6,93,100,10.36,light rain,0,0
158,Flin Flon,CA,2022-07-28 19:29:02,54.7682,-101.865,75.04,33,20,9.22,few clouds,0,0
159,Burayevo,RU,2022-07-28 19:33:27,55.8407,55.4083,56.98,81,0,5.35,clear sky,0,0
160,Thinadhoo,MV,2022-07-28 19:33:28,0.5333,72.9333,82.72,72,87,13.18,overcast clouds,0,0
161,Hasanabad,IR,2022-07-28 19:33:29,36.5465,61.0543,86.68,19,0,7.18,clear sky,0,0
162,Kahului,US,2022-07-28 19:30:29,20.8947,-156.47,83.97,63,20,12.66,few clouds,0,0
163,Zhob,PK,2022-07-28 19:33:30,31.3411,69.4481,78.6,62,100,3.11,overcast clouds,0,0
164,Ponta Do Sol,PT,2022-07-28 19:33:31,32.6667,-17.1,75.7,80,1,2.93,clear sky,0,0
165,Touros,BR,2022-07-28 19:33:32,-5.1989,-35.4608,77.83,78,5,15.46,clear sky,0,0
166,Cidreira,BR,2022-07-28 19:33:33,-30.1811,-50.2056,65.25,93,100,9.95,moderate rain,0,0
167,Khudumelapye,BW,2022-07-28 19:33:35,-23.8833,24.75,58.55,33,2,9.73,clear sky,0,0
168,Pandan,PH,2022-07-28 19:33:36,14.0453,124.1694,81.18,83,100,7.4,light rain,0,0
169,Caravelas,BR,2022-07-28 19:33:37,-17.7125,-39.2481,72.7,72,0,6.38,clear sky,0,0
170,Baiyin,CN,2022-07-28 19:33:38,36.5583,104.2081,67.77,56,73,5.61,broken clouds,0,0
171,Asosa,ET,2022-07-28 19:33:39,10.0667,34.5333,59.85,83,100,1.99,overcast clouds,0,0
172,Monrovia,LR,2022-07-28 19:33:40,6.3005,-10.7969,75.7,71,96,9.75,overcast clouds,0,0
173,Airai,TL,2022-07-28 19:33:41,-8.9266,125.4092,51.17,80,76,3.85,broken clouds,0,0
174,Chokurdakh,RU,2022-07-28 19:30:30,70.6333,147.9167,49.44,48,100,12.48,overcast clouds,0,0
175,Talnakh,RU,2022-07-28 19:33:43,69.4865,88.3972,52.21,75,0,8.72,clear sky,0,0
176,Constitucion,CL,2022-07-28 19:33:31,-35.3333,-72.4167,58.28,62,0,13.44,clear sky,0,0
177,Chase,CA,2022-07-28 19:33:45,50.8165,-119.6857,96.08,30,1,0.56,clear sky,0,0
178,Two Rivers,US,2022-07-28 19:33:45,44.1539,-87.5693,76.32,52,40,9.22,scattered clouds,0,0
179,Faya,SA,2022-07-28 19:33:46,18.3851,42.4509,71.71,56,100,1.39,overcast clouds,0,0
180,Cayenne,GF,2022-07-28 19:30:05,4.9333,-52.3333,86.04,11,100,8.05,haze,0,0
181,Turukhansk,RU,2022-07-28 19:33:47,65.8167,87.9833,53.11,82,0,9.82,clear sky,0,0
182,Hay River,CA,2022-07-28 19:30:25,60.8156,-115.7999,62.58,88,100,2.3,light rain,0,0
183,Fayaoue,NC,2022-07-28 19:33:49,-20.65,166.5333,72.48,72,1,20.09,clear sky,0,0
184,Xiongzhou,CN,2022-07-28 19:33:51,25.1167,114.3,80.04,64,100,2.35,overcast clouds,0,0
185,Harper,LR,2022-07-28 19:33:53,4.375,-7.7169,74.8,77,100,7.52,overcast clouds,0,0
186,Brae,GB,2022-07-28 19:33:53,60.3964,-1.353,55.04,78,100,9.15,overcast clouds,0,0
187,Sakaiminato,JP,2022-07-28 19:33:54,35.55,133.2333,78.78,89,20,3.44,few clouds,0,0
188,Beringovskiy,RU,2022-07-28 19:33:56,63.05,179.3167,49.41,81,100,8.01,overcast clouds,0,0
189,Verkhoyansk,RU,2022-07-28 19:34:00,67.5447,133.385,73.9,57,76,1.95,broken clouds,0,0
190,Leiyang,CN,2022-07-28 19:34:01,26.4024,112.8591,78.84,84,100,2.21,overcast clouds,0,0
191,Tumut,AU,2022-07-28 19:34:03,-35.3,148.2167,36.14,94,10,1.83,clear sky,0,0
192,Nizhniy Tsasuchey,RU,2022-07-28 19:34:04,50.5167,115.1333,55.9,72,10,2.13,clear sky,0,0
193,Ribeira Grande,PT,2022-07-28 19:34:05,38.5167,-28.7,75.6,69,75,6.91,broken clouds,0,0
194,Kathmandu,NP,2022-07-28 19:32:16,27.7167,85.3167,71.82,94,75,2.3,broken clouds,0,0
195,Necochea,AR,2022-07-28 19:34:06,-38.5473,-58.7368,47.95,83,100,21.54,overcast clouds,0,0
196,Palembang,ID,2022-07-28 19:34:06,-2.9167,104.7458,80.69,89,20,3.44,few clouds,0,0
197,Bavly,RU,2022-07-28 19:34:07,54.393,53.2602,57.94,83,99,4.09,overcast clouds,0,0
198,Hamilton,US,2022-07-28 19:30:42,39.1834,-84.5333,90.59,52,40,12.66,scattered clouds,0,0
199,Wewak,PG,2022-07-28 19:34:07,-3.5534,143.6268,78.64,86,91,9.33,overcast clouds,0,0
200,Ahipara,NZ,2022-07-28 19:34:08,-35.1667,173.1667,56.3,73,99,10.71,overcast clouds,0,0
201,Portland,US,2022-07-28 19:30:25,45.5234,-122.6762,92.64,52,20,4.61,few clouds,0,0
202,Dekar,BW,2022-07-28 19:34:09,-21.5333,21.9333,61.2,34,0,10.33,clear sky,0,0
203,San Lawrenz,MT,2022-07-28 19:34:10,36.0553,14.204,82.85,87,0,1.99,clear sky,0,0
204,Salalah,OM,2022-07-28 19:30:28,17.0151,54.0924,77.09,88,100,6.91,overcast clouds,0,0
205,Krasnoselkup,RU,2022-07-28 19:34:12,65.7,82.4667,52.21,82,0,9.35,clear sky,0,0
206,Lorengau,PG,2022-07-28 19:34:13,-2.0226,147.2712,80.94,81,70,13.98,broken clouds,0,0
207,Mount Isa,AU,2022-07-28 19:34:13,-20.7333,139.5,42.57,61,2,5.75,clear sky,0,0
208,San Juan Del Sur,NI,2022-07-28 19:34:14,11.2529,-85.8705,86.22,66,20,4.61,few clouds,0,0
209,Saint-Joseph,RE,2022-07-28 19:34:15,-21.3667,55.6167,66.2,82,2,9.22,clear sky,0,0
210,Port Keats,AU,2022-07-28 19:34:16,-14.25,129.55,65.89,43,74,9.08,broken clouds,0,0
211,Kangasala,FI,2022-07-28 19:34:17,61.4638,24.076,58.32,81,99,8.77,overcast clouds,0,0
212,Lasa,IT,2022-07-28 19:34:18,46.6166,10.7002,70.68,94,98,2.44,overcast clouds,0,0
213,Licheng,CN,2022-07-28 19:34:19,23.2955,113.8284,84.52,74,100,3.22,overcast clouds,0,0
214,Georgetown,MY,2022-07-28 19:34:19,5.4112,100.3354,80.89,85,20,3.44,few clouds,0,0
215,Shawville,CA,2022-07-28 19:34:20,45.6001,-76.4827,83.86,63,100,15.5,overcast clouds,0,0
216,Kavieng,PG,2022-07-28 19:33:08,-2.5744,150.7967,80.83,79,57,17.34,light rain,0,0
217,Butterworth,MY,2022-07-28 19:34:21,5.3991,100.3638,81.0,85,20,3.44,few clouds,0,0
218,Mandera,KE,2022-07-28 19:34:22,3.9366,41.867,82.85,42,6,15.93,clear sky,0,0
219,Tricase,IT,2022-07-28 19:34:22,39.9304,18.3553,81.32,74,0,9.46,clear sky,0,0
220,Longyearbyen,SJ,2022-07-28 19:34:23,78.2186,15.6401,42.64,81,75,18.41,broken clouds,0,0
221,Kitimat,CA,2022-07-28 19:34:24,54.0524,-128.6534,80.98,40,1,1.52,clear sky,0,0
222,Vila Velha,BR,2022-07-28 19:31:00,-20.3297,-40.2925,78.75,78,20,17.27,few clouds,0,0
223,Vieques,PR,2022-07-28 19:34:26,18.425,-65.8329,90.66,66,40,18.41,scattered clouds,0,0
224,Champerico,GT,2022-07-28 19:34:26,14.3,-91.9167,88.34,74,100,9.37,overcast clouds,0,0
225,Katsuura,JP,2022-07-28 19:34:27,35.1333,140.3,79.38,91,64,8.99,broken clouds,0,0
226,Le Port,RE,2022-07-28 19:34:28,-20.9373,55.2919,69.26,77,95,5.59,overcast clouds,0,0
227,Oriximina,BR,2022-07-28 19:34:28,-1.7656,-55.8661,88.99,50,90,3.09,overcast clouds,0,0
228,Sibu,MY,2022-07-28 19:34:29,2.3,111.8167,73.71,94,40,0.0,scattered clouds,0,0
229,Fort Nelson,CA,2022-07-28 19:34:30,58.8053,-122.7002,71.19,53,100,9.22,smoke,0,0
230,Cocorit,MX,2022-07-28 19:34:31,27.5833,-109.9667,86.34,42,100,3.33,overcast clouds,0,0
231,Awjilah,LY,2022-07-28 19:34:31,29.1081,21.2869,87.76,35,0,14.32,clear sky,0,0
232,Colares,PT,2022-07-28 19:34:31,38.7992,-9.4469,74.88,71,20,25.32,few clouds,0,0
233,Sicamous,CA,2022-07-28 19:34:32,50.8331,-118.9856,96.19,28,1,4.07,clear sky,0,0
234,Sonoita,MX,2022-07-28 19:34:32,31.85,-112.8333,97.03,24,84,14.61,broken clouds,0,0
235,Mahajanga,MG,2022-07-28 19:34:33,-15.7167,46.3167,73.42,78,40,3.44,scattered clouds,0,0
236,Bulungu,CD,2022-07-28 19:34:33,-4.55,18.6,79.74,38,45,2.66,scattered clouds,0,0
237,Upata,VE,2022-07-28 19:34:33,8.0086,-62.3989,79.61,82,89,2.95,overcast clouds,0,0
238,Los Llanos De Aridane,ES,2022-07-28 19:34:34,28.6585,-17.9182,73.13,81,20,20.71,few clouds,0,0
239,Victoria,HK,2022-07-28 19:34:19,22.2855,114.1577,87.33,80,100,4.0,overcast clouds,0,0
240,Cordoba,AR,2022-07-28 19:34:34,-31.4135,-64.1811,68.76,22,0,11.5,clear sky,0,0
241,Mishelevka,RU,2022-07-28 19:34:35,52.8575,103.1719,53.56,90,36,2.35,scattered clouds,0,0
242,Havoysund,NO,2022-07-28 19:34:36,70.9963,24.6622,50.23,83,56,11.1,broken clouds,0,0
243,Port Elizabeth,ZA,2022-07-28 19:31:08,-33.918,25.5701,61.09,96,0,4.61,clear sky,0,0
244,Omagari,JP,2022-07-28 19:34:37,39.45,140.4833,69.21,96,0,1.12,clear sky,0,0
245,Monroe,US,2022-07-28 19:31:19,43.1501,-77.6831,85.66,62,75,17.27,broken clouds,0,0
246,Saskylakh,RU,2022-07-28 19:34:38,71.9167,114.0833,61.2,82,100,6.11,light rain,0,0
247,Ambunti,PG,2022-07-28 19:34:38,-4.2365,142.8448,71.98,100,36,1.01,scattered clouds,0,0
248,Bethanien,NA,2022-07-28 19:34:39,-26.502,17.1583,50.2,34,72,6.26,broken clouds,0,0
249,Abbotsford,CA,2022-07-28 19:30:08,49.058,-122.2526,91.11,51,20,5.75,few clouds,0,0
250,Sobolevo,RU,2022-07-28 19:34:40,54.4299,31.8996,55.24,80,0,4.65,clear sky,0,0
251,Mayumba,GA,2022-07-28 19:34:40,-3.432,10.6554,69.73,90,64,4.5,broken clouds,0,0
252,Taoudenni,ML,2022-07-28 19:34:41,22.6783,-3.9836,107.83,13,60,15.84,broken clouds,0,0
253,Bad Hofgastein,AT,2022-07-28 19:32:14,47.1667,13.1,65.14,92,100,3.02,overcast clouds,0,0
254,Hillsborough,US,2022-07-28 19:34:42,37.5741,-122.3794,82.38,75,75,12.66,broken clouds,0,0
255,Nyurba,RU,2022-07-28 19:34:43,63.2842,118.3319,63.3,80,33,5.59,scattered clouds,0,0
256,Iberia,US,2022-07-28 19:34:44,29.9502,-91.7507,89.58,70,0,6.91,clear sky,0,0
257,Peniche,PT,2022-07-28 19:34:45,39.3558,-9.3811,70.29,86,0,17.78,clear sky,0,0
258,Floro,NO,2022-07-28 19:34:45,61.5996,5.0328,62.67,67,0,12.66,clear sky,0,0
259,Uruzgan,AF,2022-07-28 19:34:46,32.8333,66.0,83.3,43,85,7.02,overcast clouds,0,0
260,Gari,RU,2022-07-28 19:34:47,59.4307,62.3497,54.43,79,18,3.65,few clouds,0,0
261,Zabol,AF,2022-07-28 19:34:48,32.25,67.25,76.44,62,100,13.94,overcast clouds,0,0
262,General Roca,AR,2022-07-28 19:31:16,-39.0333,-67.5833,60.01,31,3,18.32,clear sky,0,0
263,Aykhal,RU,2022-07-28 19:34:48,66.0,111.5,67.55,67,9,4.45,clear sky,0,0
264,Bambous Virieux,MU,2022-07-28 19:30:31,-20.3428,57.7575,70.21,78,75,6.91,broken clouds,0,0
265,Makakilo City,US,2022-07-28 19:34:49,21.3469,-158.0858,82.15,58,75,11.5,broken clouds,0,0
266,Loksa,EE,2022-07-28 19:34:50,59.5764,25.7214,59.94,71,100,8.25,overcast clouds,0,0
267,Port Pirie,AU,2022-07-28 19:34:50,-33.1833,138.0167,46.33,61,100,7.63,overcast clouds,0,0
268,Vostok,RU,2022-07-28 19:34:51,46.4856,135.8833,64.17,95,100,3.36,overcast clouds,0,0
269,Malibu,US,2022-07-28 19:30:39,34.005,-118.8101,93.7,64,31,9.73,scattered clouds,0,0
270,Nioro,GM,2022-07-28 19:33:11,13.35,-15.75,80.83,75,55,11.07,broken clouds,0,0
271,Dmytrivka,UA,2022-07-28 19:34:52,45.9717,28.9864,75.31,50,61,6.53,broken clouds,0,0
272,Pokhara,NP,2022-07-28 19:34:01,28.2333,83.9833,72.32,83,100,1.72,light rain,0,0
273,Ambovombe,MG,2022-07-28 19:34:53,-25.1667,46.0833,66.58,76,6,15.75,clear sky,0,0
274,Perth,AU,2022-07-28 19:30:05,-31.9333,115.8333,61.79,95,75,8.05,light intensity shower rain,0,0
275,Weihai,CN,2022-07-28 19:34:53,37.5017,122.1136,77.02,94,71,11.99,broken clouds,0,0
276,Omis,HR,2022-07-28 19:34:54,43.4447,16.6886,80.53,58,0,4.03,clear sky,0,0
277,Verkhnevilyuysk,RU,2022-07-28 19:34:55,63.4453,120.3167,63.86,79,52,5.39,broken clouds,0,0
278,Kaitangata,NZ,2022-07-28 19:33:16,-46.2817,169.8464,41.77,92,100,8.77,overcast clouds,0,0
279,Chaykovskiy,RU,2022-07-28 19:34:58,56.7686,54.1148,58.93,78,59,2.98,broken clouds,0,0
280,Chilca,PE,2022-07-28 19:34:58,-12.5211,-76.7372,61.81,82,61,7.63,broken clouds,0,0
281,Carutapera,BR,2022-07-28 19:34:58,-1.195,-46.02,81.16,78,24,7.09,few clouds,0,0
282,Nongstoin,IN,2022-07-28 19:34:59,25.5167,91.2667,65.64,97,37,1.57,scattered clouds,0,0
283,Sfantu Gheorghe,RO,2022-07-28 19:34:59,45.8667,25.7833,67.26,94,97,3.06,light rain,0,0
284,Nemuro,JP,2022-07-28 19:35:00,43.3236,145.575,59.38,94,83,4.81,broken clouds,0,0
285,Hermon,US,2022-07-28 19:35:00,44.8101,-68.9134,86.32,50,20,14.97,few clouds,0,0
286,Beira,MZ,2022-07-28 19:35:00,-19.8436,34.8389,69.89,56,20,8.05,few clouds,0,0
287,Fortuna,US,2022-07-28 19:33:05,40.5982,-124.1573,72.93,75,20,10.36,few clouds,0,0
288,Saint George,US,2022-07-28 19:30:38,37.1041,-113.5841,95.63,36,0,5.75,clear sky,0,0
289,Port-Cartier,CA,2022-07-28 19:30:32,50.0334,-66.8654,66.42,79,48,10.71,scattered clouds,0,0
290,Iralaya,HN,2022-07-28 19:35:01,15.0,-83.2333,83.25,72,75,7.74,broken clouds,0,0
291,Neiafu,TO,2022-07-28 19:35:02,-18.65,-173.9833,77.68,83,40,13.8,scattered clouds,0,0
292,Ulundi,ZA,2022-07-28 19:35:02,-28.3352,31.4162,57.88,77,1,3.91,clear sky,0,0
293,Klaksvik,FO,2022-07-28 19:35:03,62.2266,-6.589,54.52,91,84,15.01,broken clouds,0,0
294,Likhoslavl,RU,2022-07-28 19:35:03,57.1275,35.464,59.88,82,100,4.88,overcast clouds,0,0
295,Petropavlovsk-Kamchatskiy,RU,2022-07-28 19:35:04,53.0452,158.6483,50.59,100,75,4.47,fog,0,0
296,Vigrestad,NO,2022-07-28 19:35:04,58.5667,5.7,59.83,79,3,5.79,clear sky,0,0
297,Ruteng,ID,2022-07-28 19:35:06,-8.6136,120.4721,57.49,87,76,1.5,broken clouds,0,0
298,Villa Carlos Paz,AR,2022-07-28 19:35:06,-31.4241,-64.4978,65.39,21,0,7.0,clear sky,0,0
299,Santa Lucia,ES,2022-07-28 19:32:02,27.9117,-15.5407,69.76,61,20,28.77,few clouds,0,0
300,Uarini,BR,2022-07-28 19:35:07,-2.99,-65.1083,88.41,48,63,0.74,broken clouds,0,0
301,Mecca,SA,2022-07-28 19:32:06,21.4267,39.8261,92.8,28,100,4.92,overcast clouds,0,0
302,Namibe,AO,2022-07-28 19:30:09,-15.1961,12.1522,61.75,85,11,8.1,few clouds,0,0
303,Hami,CN,2022-07-28 19:35:07,42.8,93.45,86.86,11,46,14.61,scattered clouds,0,0
304,Eyl,SO,2022-07-28 19:35:08,7.9803,49.8164,76.46,80,89,20.67,overcast clouds,0,0
305,Lujiang,CN,2022-07-28 19:35:08,31.2581,117.2817,77.09,91,100,3.2,overcast clouds,0,0
306,Port Lincoln,AU,2022-07-28 19:35:09,-34.7333,135.8667,52.68,84,98,13.22,overcast clouds,0,0
307,Emet,TR,2022-07-28 19:35:09,39.343,29.2585,71.2,36,0,4.41,clear sky,0,0
308,Vardo,NO,2022-07-28 19:35:09,70.3705,31.1107,49.98,87,100,16.11,overcast clouds,0,0
309,Ust-Maya,RU,2022-07-28 19:35:10,60.4167,134.5333,63.25,78,5,2.77,clear sky,0,0
310,Noumea,NC,2022-07-28 19:35:10,-22.2763,166.4572,69.01,99,36,7.92,scattered clouds,0,0
311,Gazli,UZ,2022-07-28 19:35:11,40.1333,63.45,87.39,23,20,13.56,few clouds,0,0
312,Laurel,US,2022-07-28 19:30:26,39.0993,-76.8483,93.88,63,40,13.8,scattered clouds,0,0
313,Batagay,RU,2022-07-28 19:35:11,67.6333,134.6333,70.54,65,99,2.24,overcast clouds,0,0
314,Tura,IN,2022-07-28 19:35:12,25.5198,90.2201,74.19,92,24,2.48,few clouds,0,0
315,Gander,CA,2022-07-28 19:35:12,48.9682,-54.5906,59.16,82,100,9.22,overcast clouds,0,0
316,Prince Rupert,CA,2022-07-28 19:31:20,54.3161,-130.3201,66.29,84,0,12.66,clear sky,0,0
317,Garowe,SO,2022-07-28 19:35:13,8.4054,48.4845,81.86,38,10,17.38,clear sky,0,0
318,Sterling,US,2022-07-28 19:35:14,39.0062,-77.4286,93.11,61,75,10.36,broken clouds,0,0
319,Morant Bay,JM,2022-07-28 19:35:15,17.8815,-76.4093,85.62,72,23,9.48,few clouds,0,0
320,Lompoc,US,2022-07-28 19:35:16,34.6391,-120.4579,86.02,73,0,14.97,mist,0,0
321,Itaituba,BR,2022-07-28 19:35:17,-4.2761,-55.9836,93.36,52,40,5.75,scattered clouds,0,0
322,Khatanga,RU,2022-07-28 19:30:23,71.9667,102.5,59.31,69,53,5.06,broken clouds,0,0
323,Dingle,PH,2022-07-28 19:35:19,10.9995,122.6711,77.61,90,100,7.38,overcast clouds,0,0
324,Axim,GH,2022-07-28 19:35:19,4.8699,-2.2405,75.56,79,28,10.96,scattered clouds,0,0
325,Alghero,IT,2022-07-28 19:34:57,40.5589,8.3181,78.89,73,0,4.61,clear sky,0,0
326,Henties Bay,NA,2022-07-28 19:35:21,-22.116,14.2845,54.3,89,35,7.49,scattered clouds,0,0
327,Kherson,UA,2022-07-28 19:35:21,46.6558,32.6178,74.39,59,7,8.68,clear sky,0,0
328,Mulki,IN,2022-07-28 19:35:22,13.1,74.8,79.88,89,40,0.0,scattered clouds,0,0
329,Sernovodsk,RU,2022-07-28 19:35:24,43.3117,45.1594,70.36,59,0,2.71,clear sky,0,0
330,Linguere,SN,2022-07-28 19:35:26,15.3953,-15.1193,87.58,52,40,15.97,scattered clouds,0,0
331,Udachnyy,RU,2022-07-28 19:35:26,66.4167,112.4,70.45,52,17,3.71,few clouds,0,0
332,Tarut,SA,2022-07-28 19:35:27,26.5733,50.0369,91.62,72,100,9.71,overcast clouds,0,0
333,Aswan,EG,2022-07-28 19:35:27,24.0934,32.907,99.7,12,0,9.22,clear sky,0,0
334,Teya,RU,2022-07-28 19:35:28,60.3778,92.6267,56.14,87,16,2.68,few clouds,0,0
335,Veinticinco De Mayo,AR,2022-07-28 19:35:28,-35.4323,-60.1727,55.98,66,3,8.01,clear sky,0,0
336,Goderich,CA,2022-07-28 19:34:16,43.7501,-81.7165,77.32,65,11,10.36,few clouds,0,0
337,Praia Da Vitoria,PT,2022-07-28 19:30:38,38.7333,-27.0667,77.25,73,40,4.59,scattered clouds,0,0
338,Sur,OM,2022-07-28 19:35:29,22.5667,59.5289,82.51,72,100,16.26,overcast clouds,0,0
339,Sao Filipe,CV,2022-07-28 19:35:29,14.8961,-24.4956,79.38,79,32,11.5,scattered clouds,0,0
340,Acarau,BR,2022-07-28 19:31:08,-2.8856,-40.12,81.1,71,57,18.41,broken clouds,0,0
341,Benguela,AO,2022-07-28 19:35:30,-12.5763,13.4055,69.01,85,44,3.09,scattered clouds,0,0
342,Oistins,BB,2022-07-28 19:32:16,13.0667,-59.5333,87.89,62,40,20.71,scattered clouds,0,0
343,Talaya,RU,2022-07-28 19:35:31,61.3833,152.75,55.83,50,97,3.49,overcast clouds,0,0
344,Daura,NG,2022-07-28 19:35:31,11.5538,11.4085,78.35,69,93,7.61,light rain,0,0
345,Cherskiy,RU,2022-07-28 19:35:32,68.75,161.3,53.74,50,7,4.0,clear sky,0,0
346,Curillo,CO,2022-07-28 19:35:32,1.0333,-75.9191,77.67,73,88,4.36,overcast clouds,0,0
347,Bac Lieu,VN,2022-07-28 19:35:33,9.285,105.7244,80.29,83,3,5.86,clear sky,0,0
348,Novikovo,RU,2022-07-28 19:35:33,51.1537,37.8879,66.99,81,75,10.16,broken clouds,0,0
349,Lazaro Cardenas,MX,2022-07-28 19:35:33,17.9583,-102.2,85.66,65,23,9.6,few clouds,0,0
350,Bilma,NE,2022-07-28 19:35:34,18.6853,12.9164,95.81,25,100,9.1,overcast clouds,0,0
351,Zhirnovsk,RU,2022-07-28 19:35:34,50.9845,44.7735,72.91,59,10,3.76,clear sky,0,0
352,Koygorodok,RU,2022-07-28 19:35:35,60.445,50.9968,59.72,80,25,3.49,scattered clouds,0,0
353,College,US,2022-07-28 19:35:35,64.8569,-147.8028,62.2,66,40,1.01,scattered clouds,0,0
354,Williams Lake,CA,2022-07-28 19:31:31,52.1415,-122.1445,95.05,32,0,4.61,clear sky,0,0
355,Port Hedland,AU,2022-07-28 19:33:00,-20.3167,118.5667,57.25,72,0,5.75,clear sky,0,0
356,Entebbe,UG,2022-07-28 19:33:37,0.0644,32.4469,73.72,78,20,3.44,few clouds,0,0
357,Hohhot,CN,2022-07-28 19:35:36,40.8106,111.6522,70.09,52,0,17.9,clear sky,0,0
358,Darapidap,PH,2022-07-28 19:35:37,17.2131,120.4114,78.96,85,97,3.49,overcast clouds,0,0
359,Maniitsoq,GL,2022-07-28 19:35:37,65.4167,-52.9,41.63,87,91,1.83,overcast clouds,0,0
360,Cabedelo,BR,2022-07-28 19:35:37,-6.9811,-34.8339,83.07,80,5,12.41,clear sky,0,0
361,Emerald,AU,2022-07-28 19:33:45,-23.5333,148.1667,46.62,71,0,10.38,clear sky,0,0
362,Kailua,US,2022-07-28 19:33:47,21.4022,-157.7394,83.61,67,20,5.75,few clouds,0,0
363,Porto Novo,BJ,2022-07-28 19:35:41,6.4965,2.6036,78.62,78,100,10.0,overcast clouds,0,0
364,Inhambane,MZ,2022-07-28 19:35:43,-23.865,35.3833,63.57,72,0,3.69,clear sky,0,0
365,Tuatapere,NZ,2022-07-28 19:35:45,-46.1333,167.6833,40.05,91,91,2.77,overcast clouds,0,0
366,Karatau,KZ,2022-07-28 19:35:46,43.1667,70.4667,76.15,34,0,4.23,clear sky,0,0
367,Port Moresby,PG,2022-07-28 19:35:47,-9.4431,147.1797,76.42,83,75,11.5,broken clouds,0,0
368,Saint-Paul,RE,2022-07-28 19:35:50,-21.0096,55.2707,69.37,78,97,1.59,overcast clouds,0,0
369,Ixtapa,MX,2022-07-28 19:35:53,20.7,-105.2,88.23,58,100,5.01,overcast clouds,0,0
370,Qandala,SO,2022-07-28 19:35:55,11.472,49.8728,89.04,51,0,3.11,clear sky,0,0
371,Blagoyevo,RU,2022-07-28 19:35:58,63.3667,47.9167,65.35,94,84,5.91,broken clouds,0,0
372,Aden,YE,2022-07-28 19:36:00,12.7794,45.0367,86.85,66,11,4.72,few clouds,0,0
373,Ugoofaaru,MV,2022-07-28 19:36:04,5.6667,73.0,81.55,78,65,17.02,broken clouds,0,0
374,Laramie,US,2022-07-28 19:32:05,41.3114,-105.5911,73.78,42,20,10.36,few clouds,0,0
375,Jodhpur,IN,2022-07-28 19:34:32,26.2867,73.03,83.61,70,100,12.03,overcast clouds,0,0
376,Taltal,CL,2022-07-28 19:36:11,-25.4,-70.4833,64.06,70,99,6.53,overcast clouds,0,0
377,Ambilobe,MG,2022-07-28 19:31:56,-13.2,49.05,66.67,88,15,3.4,few clouds,0,0
378,Moose Factory,CA,2022-07-28 19:36:16,51.2585,-80.6094,66.2,82,75,5.75,broken clouds,0,0
379,Altay,CN,2022-07-28 19:36:17,47.8667,88.1167,66.43,41,34,5.84,scattered clouds,0,0
380,Bonnyville,CA,2022-07-28 19:36:19,54.2668,-110.735,83.52,48,2,11.36,clear sky,0,0
381,Arlit,NE,2022-07-28 19:36:21,18.7369,7.3853,86.63,48,100,28.41,overcast clouds,0,0
382,Jibuti,DJ,2022-07-28 19:34:18,11.5,42.5,87.37,44,81,11.1,light rain,0,0
383,Madimba,TZ,2022-07-28 19:36:25,-10.4,40.3333,71.83,84,26,10.0,scattered clouds,0,0
384,Mogoytuy,RU,2022-07-28 19:36:27,51.2833,114.9167,53.37,80,28,0.13,scattered clouds,0,0
385,Tecoanapa,MX,2022-07-28 19:36:29,16.5167,-98.75,85.37,63,17,10.38,few clouds,0,0
386,Vrchlabi,CZ,2022-07-28 19:36:30,50.627,15.6094,63.45,71,68,4.47,broken clouds,0,0
387,Parvatsar,IN,2022-07-28 19:36:32,26.8833,74.7667,80.58,74,100,4.54,overcast clouds,0,0
388,Codrington,AU,2022-07-28 19:36:33,-38.2667,141.9667,44.92,77,13,5.17,few clouds,0,0
389,Quatre Cocos,MU,2022-07-28 19:36:33,-20.2078,57.7625,70.09,76,5,11.27,clear sky,0,0
390,Hamburg,DE,2022-07-28 19:35:27,53.55,10.0,64.29,59,0,6.91,clear sky,0,0
391,Zenzeli,RU,2022-07-28 19:36:35,45.9241,47.0474,77.95,49,0,2.51,clear sky,0,0
392,Safranbolu,TR,2022-07-28 19:36:36,41.2508,32.6942,68.49,69,0,2.24,clear sky,0,0
393,Labuan,MY,2022-07-28 19:36:37,5.2767,115.2417,77.36,100,20,0.0,few clouds,0,0
394,Unity,CA,2022-07-28 19:36:39,52.4501,-109.1682,81.25,37,0,7.81,clear sky,0,0
395,Olafsvik,IS,2022-07-28 19:31:47,64.8945,-23.7142,45.46,87,100,16.58,overcast clouds,0,0
396,Berlevag,NO,2022-07-28 19:36:40,70.8578,29.0864,50.0,93,75,13.8,light intensity drizzle,0,0
397,Selizharovo,RU,2022-07-28 19:36:41,56.8519,33.4487,58.17,77,100,4.74,overcast clouds,0,0
398,Road Town,VG,2022-07-28 19:36:41,18.4167,-64.6167,84.29,78,40,10.36,scattered clouds,0,0
399,Abeche,TD,2022-07-28 19:36:43,13.8292,20.8324,80.83,65,98,8.01,overcast clouds,0,0
400,Brejo Santo,BR,2022-07-28 19:36:44,-7.4933,-38.9872,89.83,33,11,8.19,few clouds,0,0
401,Saint-Francois,FR,2022-07-28 19:36:45,46.4154,3.9054,76.44,41,0,8.05,clear sky,0,0
402,Esso,RU,2022-07-28 19:36:46,55.9333,158.7,53.92,86,96,3.89,light rain,0,0
403,Half Moon Bay,US,2022-07-28 19:34:21,37.4636,-122.4286,82.58,73,100,12.66,overcast clouds,0,0
404,Laguna,US,2022-07-28 19:32:15,38.421,-121.4238,94.96,40,0,4.61,clear sky,0,0
405,San Angelo,US,2022-07-28 19:35:46,31.4638,-100.437,98.94,31,20,4.0,few clouds,0,0
406,Oktyabrskoye,RU,2022-07-28 19:36:47,43.0645,44.7417,62.74,93,17,6.71,few clouds,0,0
407,Kolondieba,ML,2022-07-28 19:36:48,11.0882,-6.8926,77.09,80,84,4.94,light rain,0,0
408,Bozoum,CF,2022-07-28 19:36:49,6.3193,16.3799,68.47,96,100,2.64,moderate rain,0,0
409,Ibicarai,BR,2022-07-28 19:36:50,-14.865,-39.5875,72.79,69,77,5.48,broken clouds,0,0
410,Simoes,BR,2022-07-28 19:36:51,-7.5989,-40.8178,85.71,30,0,8.81,clear sky,0,0
411,Namatanai,PG,2022-07-28 19:36:52,-3.6667,152.4333,79.48,79,89,10.87,overcast clouds,0,0
412,Banda Aceh,ID,2022-07-28 19:36:53,5.5577,95.3222,77.77,84,100,15.17,overcast clouds,0,0
413,Tiksi,RU,2022-07-28 19:36:54,71.6872,128.8694,51.6,91,91,5.28,overcast clouds,0,0
414,Malabo,GQ,2022-07-28 19:36:55,3.75,8.7833,76.86,100,40,9.22,thunderstorm,0,0
415,Basco,PH,2022-07-28 19:36:56,20.4487,121.9702,85.3,75,55,12.39,broken clouds,0,0
416,Panama City,PA,2022-07-28 19:33:18,8.9936,-79.5197,82.35,86,75,11.5,broken clouds,0,0
417,Takhtamygda,RU,2022-07-28 19:36:57,54.1,123.5667,59.79,98,7,1.74,clear sky,0,0
418,Faanui,PF,2022-07-28 19:37:00,-16.4833,-151.75,79.39,71,1,24.65,light rain,0,0
419,Le Lorrain,MQ,2022-07-28 19:37:01,14.8329,-61.0567,85.95,29,0,13.35,clear sky,0,0
420,Am Timan,TD,2022-07-28 19:37:02,11.0297,20.2827,71.76,91,87,2.89,overcast clouds,0,0
421,San Vicente,AR,2022-07-28 19:37:03,-26.6167,-54.1333,73.54,52,100,3.44,overcast clouds,0,0
422,Silifke,TR,2022-07-28 19:37:07,36.3778,33.9344,84.78,54,0,5.82,clear sky,0,0
423,Kununurra,AU,2022-07-28 19:37:09,-15.7667,128.7333,51.78,87,19,0.0,few clouds,0,0
424,Cacule,BR,2022-07-28 19:37:11,-14.5033,-42.2222,78.21,38,0,6.78,clear sky,0,0
425,Duldurga,RU,2022-07-28 19:37:13,50.6761,113.5931,54.05,83,83,0.38,light rain,0,0
426,Lavrentiya,RU,2022-07-28 19:37:16,65.5833,-171.0,43.7,88,100,4.94,overcast clouds,0,0
427,Douglas,US,2022-07-28 19:37:19,41.3,-96.167,83.59,38,0,10.36,clear sky,0,0
428,Ojinaga,MX,2022-07-28 19:33:24,29.5667,-104.4167,100.58,36,0,4.61,clear sky,0,0
429,Zabid,YE,2022-07-28 19:37:26,14.1951,43.3152,92.25,40,98,4.34,overcast clouds,0,0
430,Cairns,AU,2022-07-28 19:37:29,-16.9167,145.7667,64.35,68,75,9.22,broken clouds,0,0
431,Vestmannaeyjar,IS,2022-07-28 19:34:40,63.4427,-20.2734,50.99,81,75,5.75,broken clouds,0,0
432,Bergen,NO,2022-07-28 19:37:32,60.392,5.328,60.87,77,0,9.22,clear sky,0,0
433,Pechenga,RU,2022-07-28 19:37:34,69.5259,31.1703,49.89,76,95,12.82,overcast clouds,0,0
434,Donegal,IE,2022-07-28 19:37:36,54.65,-8.1167,64.45,78,29,1.25,scattered clouds,0,0
435,Nanortalik,GL,2022-07-28 19:37:37,60.1432,-45.2371,45.43,81,39,6.78,scattered clouds,0,0
436,Staryy Nadym,RU,2022-07-28 19:37:38,65.6118,72.6842,60.49,67,30,1.48,scattered clouds,0,0
437,Westport,US,2022-07-28 19:33:23,41.1415,-73.3579,91.31,63,0,6.91,clear sky,0,0
438,Businga,CD,2022-07-28 19:37:40,3.3333,20.8833,70.18,98,100,2.08,overcast clouds,0,0
439,Young,UY,2022-07-28 19:37:41,-32.6833,-57.6333,55.47,62,0,14.54,clear sky,0,0
440,Vao,NC,2022-07-28 19:37:42,-22.6667,167.4833,69.03,66,100,12.41,overcast clouds,0,0
441,Leshukonskoye,RU,2022-07-28 19:37:44,64.8989,45.7622,63.43,97,77,1.83,broken clouds,0,0
442,Shimoda,JP,2022-07-28 19:37:45,34.6667,138.95,76.1,89,98,4.76,light rain,0,0
443,San Juan,AR,2022-07-28 19:37:46,-31.5375,-68.5364,61.72,35,0,4.16,clear sky,0,0
444,Puksoozero,RU,2022-07-28 19:37:46,62.5903,40.6066,64.15,95,100,3.74,heavy intensity rain,0,0
445,Sembakung,ID,2022-07-28 19:37:47,3.8167,117.25,71.37,99,53,1.81,broken clouds,0,0
446,Sorrento,IT,2022-07-28 19:37:48,40.626,14.3744,82.53,86,0,0.0,clear sky,0,0
447,Pangody,RU,2022-07-28 19:37:50,65.85,74.4859,58.37,76,24,3.36,few clouds,0,0
448,Lata,PT,2022-07-28 19:37:50,40.1629,-8.3327,64.54,79,0,5.99,clear sky,0,0
449,Iwanai,JP,2022-07-28 19:37:51,42.9744,140.5089,66.56,94,100,1.41,overcast clouds,0,0
450,Bacungan,PH,2022-07-28 19:37:52,9.9106,118.7022,80.53,81,100,4.47,light rain,0,0
451,Atambua,ID,2022-07-28 19:37:53,-9.1061,124.8925,66.83,85,72,6.87,broken clouds,0,0
452,Iqaluit,CA,2022-07-28 19:37:54,63.7506,-68.5145,56.93,62,100,5.75,overcast clouds,0,0
453,Datong,CN,2022-07-28 19:37:54,40.0936,113.2914,66.79,55,18,2.57,few clouds,0,0
454,Umm Lajj,SA,2022-07-28 19:37:55,25.0213,37.2685,90.09,41,99,7.92,overcast clouds,0,0
455,Pussi,EE,2022-07-28 19:37:55,59.36,27.0497,56.64,87,53,8.68,broken clouds,0,0
456,Leningradskiy,RU,2022-07-28 19:37:56,69.3833,178.4167,39.69,79,95,6.22,overcast clouds,0,0
457,Lira,UG,2022-07-28 19:37:57,2.235,32.9097,66.61,89,100,2.98,light rain,0,0
458,Tpig,RU,2022-07-28 19:37:58,41.7801,47.589,55.94,94,67,1.63,broken clouds,0,0
459,Cabra,ES,2022-07-28 19:37:59,37.4725,-4.4421,84.47,27,0,3.58,clear sky,0,0
460,Guinguineo,SN,2022-07-28 19:38:00,14.2667,-15.95,83.25,67,50,15.46,scattered clouds,0,0
461,Margate,GB,2022-07-28 19:38:01,51.3813,1.3862,66.31,70,100,3.0,overcast clouds,0,0
462,Labuhan,ID,2022-07-28 19:38:02,-6.8844,112.2051,75.65,86,68,7.76,broken clouds,0,0
463,Narsaq,GL,2022-07-28 19:38:02,60.9167,-46.05,61.02,60,52,6.08,broken clouds,0,0
464,Inglewood,US,2022-07-28 19:38:03,33.9617,-118.3531,92.48,68,0,10.36,clear sky,0,0
465,Anuradhapura,LK,2022-07-28 19:38:03,8.3565,80.4173,75.97,93,100,3.8,overcast clouds,0,0
466,Leh,IN,2022-07-28 19:38:04,34.1667,77.5833,59.29,75,99,3.74,overcast clouds,0,0
467,Panacan,PH,2022-07-28 19:38:05,9.2463,118.4082,80.47,84,100,3.22,overcast clouds,0,0
468,Sheopur,IN,2022-07-28 19:38:06,25.6667,76.7,81.39,80,100,5.21,overcast clouds,0,0
469,Kamennomostskiy,RU,2022-07-28 19:38:08,44.2983,40.1856,64.71,70,0,5.44,clear sky,0,0
470,Stephenville,US,2022-07-28 19:38:08,32.2207,-98.2023,100.76,29,40,6.91,scattered clouds,0,0
471,Khandbari,NP,2022-07-28 19:38:09,27.3747,87.2039,71.8,94,90,1.45,overcast clouds,0,0
472,Launceston,AU,2022-07-28 19:37:43,-41.45,147.1667,38.34,87,3,1.01,clear sky,0,0
473,Babaeski,TR,2022-07-28 19:38:10,41.4325,27.0931,73.33,66,0,9.13,clear sky,0,0
474,Nikolsk,RU,2022-07-28 19:38:10,53.7189,46.0712,64.78,83,25,6.67,scattered clouds,0,0
475,Halifax,CA,2022-07-28 19:37:23,44.6453,-63.5724,82.29,54,20,13.8,few clouds,0,0
476,Yeniseysk,RU,2022-07-28 19:38:11,58.4497,92.1703,56.97,84,28,4.23,scattered clouds,0,0
477,Khrebtovaya,RU,2022-07-28 19:38:12,56.7032,104.2494,54.14,99,100,4.97,light rain,0,0
478,Clearwater,US,2022-07-28 19:34:39,27.9659,-82.8001,96.04,66,100,8.05,overcast clouds,0,0
479,Chapais,CA,2022-07-28 19:38:13,49.7834,-74.8492,62.38,94,100,8.12,overcast clouds,0,0
480,South Venice,US,2022-07-28 19:38:13,27.0531,-82.4243,96.12,64,0,10.36,clear sky,0,0
481,Svetlyy,RU,2022-07-28 19:38:14,54.675,20.1347,60.96,79,10,4.81,clear sky,0,0
482,Avera,US,2022-07-28 19:38:15,33.194,-82.5271,91.45,52,100,5.5,overcast clouds,0,0
483,Takoradi,GH,2022-07-28 19:38:15,4.8845,-1.7554,75.22,81,59,11.61,broken clouds,0,0
484,Jalu,LY,2022-07-28 19:38:17,29.0331,21.5482,88.12,34,0,16.08,clear sky,0,0
485,Aksha,RU,2022-07-28 19:38:18,50.2814,113.2867,54.84,86,82,3.31,light rain,0,0
486,Kurchum,KZ,2022-07-28 19:38:19,48.5722,83.6542,71.87,46,24,6.38,few clouds,0,0
487,Coaldale,CA,2022-07-28 19:34:19,49.7167,-112.6185,85.68,39,20,11.5,few clouds,0,0
488,Mareeba,AU,2022-07-28 19:38:20,-17.0,145.4333,59.72,97,2,2.21,clear sky,0,0
489,Qufu,CN,2022-07-28 19:38:21,35.5967,116.9911,73.49,93,72,0.58,broken clouds,0,0
490,Mocoa,CO,2022-07-28 19:35:00,1.1493,-76.6466,77.76,78,74,3.8,broken clouds,0,0
491,Shar,KZ,2022-07-28 19:38:22,49.5886,81.0453,72.48,49,41,5.66,scattered clouds,0,0
492,Lagos,NG,2022-07-28 19:35:46,6.5833,3.75,74.44,88,100,7.25,overcast clouds,0,0
493,Yashalta,RU,2022-07-28 19:38:24,46.3395,42.2762,78.69,43,26,6.58,scattered clouds,0,0
494,Manicore,BR,2022-07-28 19:38:25,-5.8092,-61.3003,93.15,40,0,2.3,clear sky,0,0
495,Roebourne,AU,2022-07-28 19:38:26,-20.7833,117.1333,68.02,60,4,6.89,clear sky,0,0
496,North Bend,US,2022-07-28 19:38:27,43.4065,-124.2243,77.92,85,0,12.66,clear sky,0,0
497,Marand,IR,2022-07-28 19:38:27,38.4329,45.7749,74.35,56,0,7.07,clear sky,0,0
498,Santa Cruz,BO,2022-07-28 19:37:14,-17.8,-63.1667,87.85,45,40,23.02,scattered clouds,0,0
499,Salinas,US,2022-07-28 19:35:06,36.6777,-121.6555,83.21,63,0,11.5,clear sky,0,0
500,Stornoway,GB,2022-07-28 19:38:29,58.2093,-6.3865,61.93,80,52,4.61,broken clouds,0,0
501,Moctezuma,MX,2022-07-28 19:35:33,29.8,-109.6667,88.23,50,32,4.97,scattered clouds,0,0
502,Birin,NP,2022-07-28 19:38:31,26.8865,88.0718,63.61,91,48,2.55,moderate rain,0,0
503,Rio Verde De Mato Grosso,BR,2022-07-28 19:37:59,-18.9181,-54.8442,92.01,15,6,8.41,clear sky,0,0
504,Pacific Grove,US,2022-07-28 19:38:25,36.6177,-121.9166,82.22,86,40,10.36,scattered clouds,0,0
505,Zhezkazgan,KZ,2022-07-28 19:38:35,47.8043,67.7144,70.29,59,12,14.99,few clouds,0,0
506,Norfolk,US,2022-07-28 19:38:35,42.1668,-71.2495,88.12,68,40,13.8,scattered clouds,0,0
507,Inuvik,CA,2022-07-28 19:38:36,68.3499,-133.7218,54.36,76,75,3.44,broken clouds,0,0
508,Qaqortoq,GL,2022-07-28 19:38:37,60.7167,-46.0333,47.35,70,48,5.03,scattered clouds,0,0
509,Batemans Bay,AU,2022-07-28 19:38:38,-35.7167,150.1833,43.84,91,88,5.12,overcast clouds,0,0
510,Acari,PE,2022-07-28 19:38:38,-15.4311,-74.6158,68.74,65,39,8.43,scattered clouds,0,0
511,Aitape,PG,2022-07-28 19:38:39,-3.1374,142.3475,76.84,89,49,5.48,scattered clouds,0,0
512,Kropotkin,RU,2022-07-28 19:38:40,45.4375,40.5756,73.6,47,0,2.57,clear sky,0,0
513,Virginia Beach,US,2022-07-28 19:38:21,36.8529,-75.978,96.84,61,75,9.22,broken clouds,0,0
514,Dunda,TZ,2022-07-28 19:38:41,-8.1167,34.25,61.66,62,10,2.82,clear sky,0,0
515,Matagami,CA,2022-07-28 19:38:43,49.7502,-77.6328,69.91,68,0,9.22,light rain,0,0
516,Sheltozero,RU,2022-07-28 19:38:44,61.3667,35.3667,57.56,88,100,6.78,overcast clouds,0,0
517,Mount Barker,AU,2022-07-28 19:38:44,-35.0667,138.8667,45.23,98,100,4.21,overcast clouds,0,0
518,Geraldton,AU,2022-07-28 19:38:45,-28.7667,114.6,57.61,94,75,10.36,broken clouds,0,0
519,Marrakesh,MA,2022-07-28 19:38:46,31.6315,-8.0083,93.27,27,40,6.91,scattered clouds,0,0
520,Ornskoldsvik,SE,2022-07-28 19:38:48,63.2909,18.7153,54.55,82,100,5.75,overcast clouds,0,0
521,Mezen,RU,2022-07-28 19:38:49,65.8522,44.24,60.3,96,68,3.94,light rain,0,0
522,Amahai,ID,2022-07-28 19:37:42,-3.3333,128.9167,76.59,92,100,9.51,light rain,0,0
523,Okhotsk,RU,2022-07-28 19:38:51,59.3833,143.3,58.96,88,8,6.89,clear sky,0,0
524,Copiapo,CL,2022-07-28 19:38:51,-27.3667,-70.3333,55.09,42,84,5.64,broken clouds,0,0
525,Maiduguri,NG,2022-07-28 19:38:52,11.8464,13.1603,80.69,63,28,6.55,light rain,0,0
526,Pychas,RU,2022-07-28 19:38:53,56.5033,52.4409,60.93,79,85,3.38,overcast clouds,0,0
527,Mbini,GQ,2022-07-28 19:38:54,1.574,9.6134,75.4,84,48,10.18,scattered clouds,0,0
528,Kupang,ID,2022-07-28 19:38:55,-10.1667,123.5833,73.69,75,43,12.48,scattered clouds,0,0
529,Alugan,PH,2022-07-28 19:38:56,12.2188,125.4808,79.14,87,100,7.2,moderate rain,0,0
530,Oranjemund,NA,2022-07-28 19:38:56,-28.55,16.4333,54.18,91,25,7.99,scattered clouds,0,0
531,Oranjestad,AW,2022-07-28 19:38:13,12.524,-70.027,87.75,66,75,16.11,broken clouds,0,0
532,San Quintin,MX,2022-07-28 19:38:58,30.4833,-115.95,74.26,66,9,12.82,clear sky,0,0
533,Yataity Del Norte,PY,2022-07-28 19:38:58,-24.8333,-56.35,86.95,31,95,5.95,overcast clouds,0,0
534,Mantua,IT,2022-07-28 19:38:59,45.1667,10.7833,83.44,74,66,7.02,broken clouds,0,0
535,Ferrol,ES,2022-07-28 19:38:59,43.4832,-8.2369,70.32,84,1,2.28,clear sky,0,0
536,Parchim,DE,2022-07-28 19:39:00,53.4263,11.8488,60.1,61,98,8.63,overcast clouds,0,0
537,Ostrovnoy,RU,2022-07-28 19:39:00,68.0531,39.5131,50.25,90,69,14.29,broken clouds,0,0
538,Acapulco,MX,2022-07-28 19:38:28,16.8634,-99.8901,89.42,55,75,4.61,broken clouds,0,0
539,Mehamn,NO,2022-07-28 19:39:01,71.0357,27.8492,49.95,81,75,8.05,light intensity drizzle,0,0
540,Pombas,CV,2022-07-28 19:39:03,17.1503,-25.0201,82.18,76,13,13.04,few clouds,0,0
541,Petropavl,KZ,2022-07-28 19:39:04,54.8753,69.1628,61.74,97,100,8.68,overcast clouds,0,0
542,Key West,US,2022-07-28 19:39:05,24.5557,-81.7826,95.0,70,20,17.27,few clouds,0,0
543,Sangar,RU,2022-07-28 19:39:06,63.9242,127.4739,65.97,73,6,1.12,clear sky,0,0
544,Quelimane,MZ,2022-07-28 19:39:06,-17.8786,36.8883,67.95,83,75,2.3,broken clouds,0,0
545,San Jeronimo,PE,2022-07-28 19:39:07,-11.9472,-75.2829,66.4,18,4,6.13,clear sky,0,0
546,Haines Junction,CA,2022-07-28 19:39:07,60.7522,-137.5108,60.75,59,100,2.3,overcast clouds,0,0
547,Picayune,US,2022-07-28 19:39:08,30.5255,-89.6795,91.85,66,100,2.73,overcast clouds,0,0
548,Santa Isabel Do Rio Negro,BR,2022-07-28 19:39:09,-0.4139,-65.0192,88.83,52,50,2.86,scattered clouds,0,0
549,Newport,GB,2022-07-28 19:38:35,51.5877,-2.9984,70.45,66,100,4.76,overcast clouds,0,0
550,Asau,RO,2022-07-28 19:39:10,46.4333,26.4,70.72,88,100,2.98,overcast clouds,0,0
551,Paragominas,BR,2022-07-28 19:39:10,-2.9667,-47.4833,82.26,60,100,4.09,overcast clouds,0,0
552,Ugleuralskiy,RU,2022-07-28 19:39:11,58.9534,57.5846,57.18,76,1,2.28,clear sky,0,0
553,Kimbe,PG,2022-07-28 19:39:11,-5.5502,150.1429,74.71,91,83,4.45,broken clouds,0,0
554,Salekhard,RU,2022-07-28 19:39:12,66.53,66.6019,61.48,68,64,6.73,broken clouds,0,0
555,Kangaatsiaq,GL,2022-07-28 19:39:12,68.3065,-53.4641,40.57,89,85,7.56,overcast clouds,0,0
556,Lafia,NG,2022-07-28 19:39:12,8.4833,8.5167,73.2,93,100,5.23,moderate rain,0,0
557,Vila Franca Do Campo,PT,2022-07-28 19:39:13,37.7167,-25.4333,75.61,77,11,3.49,few clouds,0,0
558,Adolfo Lopez Mateos,MX,2022-07-28 19:39:13,28.4667,-107.3,74.32,44,79,8.61,broken clouds,0,0
559,Aquiraz,BR,2022-07-28 19:39:14,-3.9014,-38.3911,84.29,70,72,10.18,broken clouds,0,0
560,Te Anau,NZ,2022-07-28 19:39:14,-45.4167,167.7167,40.53,90,93,1.7,overcast clouds,0,0
561,Solnechnyy,RU,2022-07-28 19:38:01,50.7214,136.6319,65.95,95,100,1.28,overcast clouds,0,0
562,Teahupoo,PF,2022-07-28 19:39:15,-17.8333,-149.2667,75.16,77,28,24.67,light rain,0,0
563,Mount Gambier,AU,2022-07-28 19:39:15,-37.8333,140.7667,33.71,100,7,0.0,mist,0,0
564,Yushu,CN,2022-07-28 19:39:16,44.8,126.5333,71.06,95,100,6.15,light rain,0,0
565,Gat,IL,2022-07-28 19:39:16,31.61,34.7642,83.39,100,0,5.12,clear sky,0,0
566,Aksarka,RU,2022-07-28 19:39:17,66.5606,67.7975,61.79,66,35,7.16,scattered clouds,0,0
567,Mogadishu,SO,2022-07-28 19:35:45,2.0371,45.3438,76.1,83,34,17.92,scattered clouds,0,0
568,Rapid City,US,2022-07-28 19:37:53,44.0805,-103.231,81.46,33,0,5.75,clear sky,0,0
569,Ampanihy,MG,2022-07-28 19:39:17,-24.7,44.75,61.39,89,12,9.51,few clouds,0,0
570,Sistranda,NO,2022-07-28 19:39:18,63.7256,8.834,57.16,66,94,6.31,overcast clouds,0,0
571,Formosa,AR,2022-07-28 19:39:18,-26.1775,-58.1781,62.58,88,100,17.27,overcast clouds,0,0
572,Dali,CN,2022-07-28 19:39:19,25.7,100.1833,63.72,90,99,2.46,overcast clouds,0,0
573,Trudarmeyskiy,RU,2022-07-28 19:39:20,54.132,86.4098,60.42,88,97,2.28,overcast clouds,0,0
574,Sola,VU,2022-07-28 19:39:21,-13.8833,167.55,80.17,78,72,14.88,broken clouds,0,0
575,Cabatuan,PH,2022-07-28 19:39:22,10.8794,122.486,78.03,87,100,7.49,overcast clouds,0,0
576,Tabas,IR,2022-07-28 19:39:23,33.5959,56.9244,94.6,19,14,6.29,few clouds,0,0
577,Port-Gentil,GA,2022-07-28 19:39:25,-0.7193,8.7815,75.16,83,40,9.22,scattered clouds,0,0
578,Havelock,US,2022-07-28 19:39:26,34.8791,-76.9013,96.98,77,0,12.66,clear sky,0,0
579,Vasto,IT,2022-07-28 19:39:27,42.1243,14.7059,78.67,72,50,3.04,scattered clouds,0,0
580,Sao Jose Da Coroa Grande,BR,2022-07-28 19:39:29,-8.8978,-35.1478,76.12,82,18,5.68,few clouds,0,0
581,Norrtalje,SE,2022-07-28 19:39:30,59.758,18.705,59.85,64,23,3.44,few clouds,0,0
582,Abalak,RU,2022-07-28 19:39:31,58.1286,68.5944,55.27,86,21,7.63,few clouds,0,0
583,Honiara,SB,2022-07-28 19:39:32,-9.4333,159.95,76.39,88,31,6.46,scattered clouds,0,0
584,Odweyne,SO,2022-07-28 19:39:33,9.4092,45.064,75.87,44,2,18.1,clear sky,0,0
585,Formosa Do Rio Preto,BR,2022-07-28 19:39:34,-11.0483,-45.1931,87.22,21,0,6.33,clear sky,0,0
586,Kaeo,NZ,2022-07-28 19:39:36,-35.1,173.7833,52.32,83,54,6.04,broken clouds,0,0
587,Kostomuksha,RU,2022-07-28 19:39:37,64.571,30.5767,53.89,83,36,6.87,scattered clouds,0,0
588,Ranong,TH,2022-07-28 19:39:38,9.9658,98.6348,78.08,88,23,1.68,few clouds,0,0
589,Miyang,CN,2022-07-28 19:39:38,24.4042,103.4428,64.49,97,100,1.39,overcast clouds,0,0
590,Russell,US,2022-07-28 19:39:39,32.3502,-85.1999,91.9,55,0,3.44,clear sky,0,0
591,Kempsey,AU,2022-07-28 19:39:40,-31.0833,152.8333,41.95,92,61,1.99,broken clouds,0,0
592,Souillac,MU,2022-07-28 19:39:41,-20.5167,57.5167,70.18,78,75,6.91,broken clouds,0,0
593,Rosamorada,MX,2022-07-28 19:39:41,22.1222,-105.2058,91.09,53,100,5.93,overcast clouds,0,0
594,Richards Bay,ZA,2022-07-28 19:39:42,-28.783,32.0377,66.97,79,1,14.38,clear sky,0,0
595,Mombetsu,JP,2022-07-28 19:39:43,44.3525,143.3525,62.01,95,51,3.78,broken clouds,0,0
596,Dalbandin,PK,2022-07-28 19:39:43,28.8947,64.4101,81.79,67,100,7.72,overcast clouds,0,0
597,Amberley,US,2022-07-28 19:39:44,39.2048,-84.428,89.91,51,40,12.66,scattered clouds,0,0
598,Mitsamiouli,KM,2022-07-28 19:39:45,-11.3847,43.2844,75.96,74,37,7.83,light rain,0,0
599,Fernandez,AR,2022-07-28 19:39:46,-27.9204,-63.8935,68.11,29,10,12.26,clear sky,0,0
600,Rampura,IN,2022-07-28 19:39:47,30.25,75.2333,81.52,85,98,3.44,light rain,0,0
601,Tessalit,ML,2022-07-28 19:39:04,20.1986,1.0114,95.56,23,91,11.41,overcast clouds,0,0
602,Carupano,VE,2022-07-28 19:39:49,10.6678,-63.2585,83.05,77,29,13.2,scattered clouds,0,0
603,Hambantota,LK,2022-07-28 19:39:49,6.1241,81.1185,78.48,87,100,5.48,overcast clouds,0,0
604,Eureka,US,2022-07-28 19:39:50,40.8021,-124.1637,73.2,72,68,7.0,broken clouds,0,0
605,Marawi,PH,2022-07-28 19:39:51,7.9986,124.2928,69.1,92,100,4.7,overcast clouds,0,0
606,Putina,PE,2022-07-28 19:39:52,-15.4667,-69.4333,53.04,28,12,7.05,few clouds,0,0
607,Trelew,AR,2022-07-28 19:39:13,-43.249,-65.3051,53.22,48,4,20.29,clear sky,0,0
608,Madang,PG,2022-07-28 19:39:53,-5.2246,145.7966,76.96,88,54,2.48,broken clouds,0,0
609,Presidencia Roque Saenz Pena,AR,2022-07-28 19:39:54,-26.7852,-60.4388,57.67,82,100,12.59,overcast clouds,0,0
610,Guerrero Negro,MX,2022-07-28 19:39:20,27.9769,-114.0611,79.21,55,21,13.94,few clouds,0,0
611,Pala,TD,2022-07-28 19:39:54,9.3642,14.9046,72.61,88,85,3.06,light rain,0,0
612,Dukat,RU,2022-07-28 19:39:55,62.55,155.55,49.59,61,100,3.33,light rain,0,0
613,Katobu,ID,2022-07-28 19:39:55,-4.9408,122.5276,72.66,89,28,4.07,scattered clouds,0,0
614,Boa Vista,BR,2022-07-28 19:39:56,2.8197,-60.6733,78.78,83,75,9.22,broken clouds,0,0
615,Killybegs,IE,2022-07-28 19:39:56,54.6333,-8.45,64.11,73,17,2.62,few clouds,0,0
616,Port Angeles,US,2022-07-28 19:36:40,48.1181,-123.4307,83.32,66,0,12.66,clear sky,0,0
617,Amritsar,IN,2022-07-28 19:39:57,31.6331,74.8656,82.22,89,40,0.0,mist,0,0
618,Songjianghe,CN,2022-07-28 19:39:58,42.1859,127.479,63.28,91,26,5.12,scattered clouds,0,0
619,Clyde River,CA,2022-07-28 19:39:58,70.4692,-68.5914,39.43,100,100,13.8,light rain,0,0
620,Rio Grande,BR,2022-07-28 19:35:53,-32.035,-52.0986,62.71,94,100,19.24,moderate rain,0,0
621,Ucluelet,CA,2022-07-28 19:39:59,48.9329,-125.5528,64.71,76,39,7.67,scattered clouds,0,0
622,Bandar-E Lengeh,IR,2022-07-28 19:40:00,26.5579,54.8807,90.05,67,100,15.1,overcast clouds,0,0
623,Ustrzyki Dolne,PL,2022-07-28 19:40:01,49.4304,22.5938,63.12,100,5,3.69,clear sky,0,0
624,Ust-Ilimsk,RU,2022-07-28 19:40:01,58.0006,102.6619,58.95,99,100,4.88,moderate rain,0,0
625,Tres Arroyos,AR,2022-07-28 19:40:02,-38.3739,-60.2798,48.43,61,2,14.74,clear sky,0,0
626,Isangel,VU,2022-07-28 19:40:03,-19.55,169.2667,74.34,89,100,11.18,overcast clouds,0,0
627,Olga,RU,2022-07-28 19:40:03,43.7444,135.2892,66.25,98,99,1.59,overcast clouds,0,0
628,Logan Lake,CA,2022-07-28 19:40:04,50.4998,-120.8025,82.24,34,28,2.64,scattered clouds,0,0
629,Midland,US,2022-07-28 19:40:05,31.9974,-102.0779,98.06,28,40,16.11,scattered clouds,0,0
630,Omboue,GA,2022-07-28 19:40:06,-1.5746,9.2618,71.82,84,89,5.84,overcast clouds,0,0
631,Taloqan,AF,2022-07-28 19:40:07,36.7361,69.5345,85.69,28,0,5.3,clear sky,0,0
632,Ariquemes,BR,2022-07-28 19:40:08,-9.9133,-63.0408,96.15,21,3,1.97,clear sky,0,0
633,Cajimos,PH,2022-07-28 19:40:09,12.5946,122.2753,83.57,78,100,20.67,heavy intensity rain,0,0
634,Resistencia,AR,2022-07-28 19:38:58,-27.4606,-58.9839,61.09,83,100,16.11,overcast clouds,0,0
635,Kendari,ID,2022-07-28 19:40:10,-3.945,122.4989,72.88,94,64,3.0,broken clouds,0,0
636,Sibolga,ID,2022-07-28 19:40:10,1.7427,98.7792,76.08,90,100,2.62,overcast clouds,0,0
637,Aklavik,CA,2022-07-28 19:40:11,68.2191,-135.0107,50.0,93,100,2.3,overcast clouds,0,0
638,Svetlogorsk,BY,2022-07-28 19:40:12,52.6333,29.7333,62.22,71,100,4.29,overcast clouds,0,0
639,Morgan City,US,2022-07-28 19:40:12,29.6994,-91.2068,84.99,62,54,6.62,broken clouds,0,0
640,Surt,LY,2022-07-28 19:40:13,31.2089,16.5887,82.27,72,0,7.96,clear sky,0,0
641,Lind,DK,2022-07-28 19:40:13,56.1,8.9833,57.24,79,65,7.4,broken clouds,0,0
642,Biak,ID,2022-07-28 19:40:14,-0.9131,122.8766,74.84,89,96,7.02,overcast clouds,0,0
643,Daru,PG,2022-07-28 19:40:14,-9.0763,143.2092,75.9,91,99,18.54,overcast clouds,0,0
644,Teknaf,BD,2022-07-28 19:40:14,20.8624,92.3058,80.46,84,100,5.59,overcast clouds,0,0
645,Port Hardy,CA,2022-07-28 19:40:15,50.6996,-127.4199,66.38,77,0,4.61,clear sky,0,0
646,Doha,QA,2022-07-28 19:38:17,25.2867,51.5333,89.58,79,0,11.5,clear sky,0,0
647,Venice,US,2022-07-28 19:38:33,27.0998,-82.4543,96.12,64,0,10.36,clear sky,0,0
648,Lourdes,FR,2022-07-28 19:40:16,43.1,-0.05,72.88,60,40,4.61,scattered clouds,0,0
649,Torrington,US,2022-07-28 19:40:16,41.8007,-73.1212,89.17,69,100,6.76,overcast clouds,0,0
650,Warrnambool,AU,2022-07-28 19:40:17,-38.3833,142.4833,46.45,72,12,7.2,few clouds,0,0
651,Warangal,IN,2022-07-28 19:40:17,18.0,79.5833,80.96,79,100,1.41,overcast clouds,0,0
652,Kenai,US,2022-07-28 19:40:18,60.5544,-151.2583,67.03,50,0,6.91,clear sky,0,0
653,Malatya,TR,2022-07-28 19:40:18,38.5,38.0,66.25,28,0,4.61,clear sky,0,0
654,San Fernando,PH,2022-07-28 19:40:18,15.0286,120.6898,80.33,91,100,1.23,overcast clouds,0,0
655,Haimen,CN,2022-07-28 19:40:19,23.1935,116.6142,80.49,80,100,3.98,overcast clouds,0,0
656,Tezu,IN,2022-07-28 19:40:19,27.9167,96.1667,74.17,96,35,3.22,scattered clouds,0,0
657,Myitkyina,MM,2022-07-28 19:40:20,25.3833,97.4,75.0,95,56,1.86,broken clouds,0,0
658,Ketchikan,US,2022-07-28 19:40:21,55.3422,-131.6461,72.72,55,1,7.11,clear sky,0,0
659,Birao,CF,2022-07-28 19:40:22,10.2849,22.7882,69.98,98,98,4.5,overcast clouds,0,0
660,Paamiut,GL,2022-07-28 19:40:22,61.994,-49.6678,41.85,92,100,18.75,overcast clouds,0,0
661,Homer,US,2022-07-28 19:40:23,59.6425,-151.5483,66.78,60,0,4.61,clear sky,0,0
662,Golden,US,2022-07-28 19:39:28,39.7555,-105.2211,76.1,71,75,11.5,broken clouds,0,0
663,Hovd,MN,2022-07-28 19:39:21,48.0056,91.6419,62.4,41,80,2.71,broken clouds,0,0
664,Antrim,GB,2022-07-28 19:40:24,54.6667,-6.25,61.14,77,63,6.91,broken clouds,0,0
665,Pitimbu,BR,2022-07-28 19:40:24,-7.4706,-34.8086,82.99,80,1,10.0,clear sky,0,0
666,Kulunda,RU,2022-07-28 19:40:25,52.566,78.9385,69.17,58,86,10.42,overcast clouds,0,0
667,Wencheng,CN,2022-07-28 19:40:25,33.0559,113.7978,73.02,94,0,3.74,clear sky,0,0
668,Miyako,JP,2022-07-28 19:40:26,39.6367,141.9525,70.75,95,1,1.86,clear sky,0,0
669,Sampit,ID,2022-07-28 19:40:26,-2.5333,112.95,73.26,99,66,2.13,broken clouds,0,0
670,Descalvado,BR,2022-07-28 19:40:27,-21.9039,-47.6194,83.28,30,9,6.35,clear sky,0,0
671,Srednekolymsk,RU,2022-07-28 19:40:27,67.45,153.6833,51.84,57,6,10.27,clear sky,0,0
672,Hearst,CA,2022-07-28 19:40:27,49.6835,-83.6665,68.25,81,99,6.71,overcast clouds,0,0
673,Maple Creek,CA,2022-07-28 19:40:28,49.9168,-109.4848,82.45,23,0,5.75,clear sky,0,0
674,Moyale,KE,2022-07-28 19:40:28,3.5167,39.0584,70.2,54,84,10.04,broken clouds,0,0
675,Kinango,KE,2022-07-28 19:40:29,-4.1372,39.3153,67.42,96,8,4.0,clear sky,0,0
676,Chadan,RU,2022-07-28 19:40:29,51.2833,91.5833,54.52,62,22,3.62,few clouds,0,0
677,Preobrazheniye,RU,2022-07-28 19:40:29,42.9019,133.9064,67.93,94,100,4.99,overcast clouds,0,0
678,Pafos,CY,2022-07-28 19:40:30,34.7667,32.4167,82.18,78,0,8.05,clear sky,0,0
679,Kumluca,TR,2022-07-28 19:40:30,36.3703,30.2869,84.13,50,0,3.02,clear sky,0,0
680,Nhulunbuy,AU,2022-07-28 19:40:31,-12.2333,136.7667,74.01,78,40,10.36,scattered clouds,0,0
681,Plouzane,FR,2022-07-28 19:40:31,48.3833,-4.6167,68.05,55,0,6.91,clear sky,0,0
682,Rio Gallegos,AR,2022-07-28 19:40:33,-51.6226,-69.2181,44.65,65,0,37.98,clear sky,0,0
683,Pishva,IR,2022-07-28 19:40:34,35.308,51.7267,77.38,77,100,23.4,moderate rain,0,0
684,Kavaratti,IN,2022-07-28 19:35:56,10.5669,72.642,81.05,82,100,17.67,overcast clouds,0,0
685,Chernyshevskiy,RU,2022-07-28 19:40:35,63.0128,112.4714,62.46,70,0,5.19,clear sky,0,0
686,Praia,CV,2022-07-28 19:40:36,14.9215,-23.5087,90.14,31,0,9.22,clear sky,0,0
687,Porbandar,IN,2022-07-28 19:40:36,21.6422,69.6093,80.92,80,98,11.05,overcast clouds,0,0
688,Anadyr,RU,2022-07-28 19:40:37,64.75,177.4833,52.3,81,40,11.18,scattered clouds,0,0
689,Nizhniy Odes,RU,2022-07-28 19:40:11,63.6445,54.856,60.31,68,7,5.3,clear sky,0,0
690,Spalding,US,2022-07-28 19:40:39,33.2668,-84.2833,91.15,53,40,11.5,scattered clouds,0,0
691,Minsk,BY,2022-07-28 19:38:19,53.9,27.5667,55.15,83,0,6.82,clear sky,0,0
692,Tuy Hoa,VN,2022-07-28 19:37:00,13.0833,109.3,77.38,90,100,3.87,overcast clouds,0,0
693,Sulangan,PH,2022-07-28 19:40:41,11.1373,123.7228,84.07,75,100,10.0,heavy intensity rain,0,0
694,Antofagasta,CL,2022-07-28 19:37:43,-23.65,-70.4,60.08,78,42,9.62,scattered clouds,0,0
695,Nioki,CD,2022-07-28 19:40:42,-2.7167,17.6833,80.98,42,100,1.79,overcast clouds,0,0
696,Mbala,ZM,2022-07-28 19:40:43,-8.8402,31.3659,61.14,49,6,7.27,clear sky,0,0
697,Pimentel,PE,2022-07-28 19:40:43,-6.8367,-79.9342,68.29,68,0,17.27,clear sky,0,0
698,Voh,NC,2022-07-28 19:40:44,-20.9667,164.7,63.28,87,0,5.23,clear sky,0,0
699,Tungor,RU,2022-07-28 19:40:44,53.3808,142.9564,54.37,93,39,7.07,scattered clouds,0,0
700,Ko Samui,TH,2022-07-28 19:40:44,9.5357,99.9357,82.9,74,23,3.15,few clouds,0,0
701,Bayshore Gardens,US,2022-07-28 19:40:45,27.4253,-82.5904,97.23,55,0,9.22,clear sky,0,0
702,Impfondo,CG,2022-07-28 19:40:45,1.6381,18.0667,72.46,91,100,3.15,overcast clouds,0,0
703,Jumla,NP,2022-07-28 19:39:04,29.2747,82.1838,62.8,98,100,1.68,overcast clouds,0,0
704,Oneonta,US,2022-07-28 19:40:46,42.4529,-75.0638,84.16,70,58,11.65,moderate rain,0,0
705,Sarangani,PH,2022-07-28 19:40:46,5.4033,125.4636,82.94,74,96,9.4,overcast clouds,0,0
706,Diego De Almagro,CL,2022-07-28 19:40:47,-26.3667,-70.05,76.37,16,90,5.93,overcast clouds,0,0
707,Mumbwa,ZM,2022-07-28 19:40:47,-14.9783,27.0619,58.62,46,9,5.32,clear sky,0,0
708,Izhma,RU,2022-07-28 19:40:48,65.0083,53.9113,66.54,59,21,7.25,few clouds,0,0
709,Ilhabela,BR,2022-07-28 19:40:49,-23.7781,-45.3581,75.43,64,19,3.44,few clouds,0,0
710,Aranos,NA,2022-07-28 19:40:49,-24.1333,19.1167,62.62,24,64,5.48,broken clouds,0,0
711,Parkes,AU,2022-07-28 19:40:50,-33.1333,148.1833,38.62,97,35,3.78,scattered clouds,0,0
712,Matara,LK,2022-07-28 19:40:50,5.9485,80.5353,77.22,92,100,6.29,overcast clouds,0,0
713,Kruisfontein,ZA,2022-07-28 19:38:29,-34.0033,24.7314,59.85,65,0,7.76,clear sky,0,0
714,Gayny,RU,2022-07-28 19:40:51,60.3071,54.3241,58.69,74,93,2.8,overcast clouds,0,0
715,Ayan,RU,2022-07-28 19:40:51,56.45,138.1667,57.07,93,33,1.48,scattered clouds,0,0
716,Palmer,US,2022-07-28 19:40:52,42.1584,-72.3287,91.0,60,75,13.8,broken clouds,0,0
717,Massakory,TD,2022-07-28 19:40:52,12.996,15.7293,83.97,61,67,3.65,broken clouds,0,0
718,Ostersund,SE,2022-07-28 19:40:53,63.1792,14.6357,51.62,76,17,10.36,few clouds,0,0
